entry_atr_mult,sl_atr_mult,tp_atr_mult,min_hold,max_hold,cooldown,trade_direction,long_threshold,short_threshold,ret,sharpe,sortino,maxdd,n_trades,n_long,n_short,win_rate,median_net,baseline,baseline_ret,baseline_sharpe,skill_ret_delta,skill_sharpe_delta,baseline_trades,baseline_exposure
0.3,1.0,2.0,6,24,6,long_only,0.6,0.4,1.1271328506838016,2.452260095250062,2.300489413923309,-0.1643722633058406,324,324,0,0.47530864197530864,-0.0016537695895949387,always_long,-0.07115378091542979,-0.22272141268850487,1.1982866315992315,2.6749815079385666,395,0.6409380692167578
0.3,1.5,1.0,6,48,3,short_only,0.72,0.28,-0.1792916159973973,-0.6841453950739158,-0.6233691989196352,-0.313635944602305,282,0,282,0.5673758865248227,0.0049794184637829645,always_short,-0.7107857590067854,-3.271086793077647,0.5314941430093881,2.5869413980037312,428,0.756716757741348
0.0,2.0,2.5,6,24,2,short_only,0.76,0.24,0.03330815483769056,0.10574427497585509,0.10515039561476701,-0.32388630308318717,248,0,248,0.46774193548387094,-0.0009441153761297044,always_short,-0.6413275383381569,-2.4634004503605818,0.6746356931758475,2.569144725336437,397,0.8194444444444444
0.0,1.0,2.0,6,24,6,long_only,0.76,0.24,1.2761938415257457,2.8554408101103244,2.4688922583654946,-0.12629384985742223,263,263,0,0.5133079847908745,0.0011079514766445852,always_long,0.1164050761194253,0.32505157391893713,1.1597887654063204,2.5303892361913873,395,0.6409380692167578
0.0,1.0,2.0,6,24,6,long_only,0.65,0.35,1.3021586689462805,2.822884114324746,2.763703094522698,-0.1643739397056915,310,310,0,0.4838709677419355,-0.0010635207764206503,always_long,0.1164050761194253,0.32505157391893713,1.1857535928268552,2.497832540405809,395,0.6409380692167578
0.0,1.0,2.0,6,24,6,long_only,0.6,0.4,1.409173154836183,2.81338963042316,2.663488971101494,-0.1566109736055647,324,324,0,0.4845679012345679,-0.0010545362664914008,always_long,0.1164050761194253,0.32505157391893713,1.2927680787167577,2.488338056504223,395,0.6409380692167578
0.0,1.0,2.0,6,24,6,long_only,0.63,0.37,1.2834016155629473,2.798459530415596,2.732845365134888,-0.14766141849981293,314,314,0,0.4840764331210191,-0.0011460391214848373,always_long,0.1164050761194253,0.32505157391893713,1.166996539443522,2.473407956496659,395,0.6409380692167578
0.3,1.5,1.0,6,72,3,short_only,0.72,0.28,-0.20026889960580363,-0.7721228038371868,-0.7099841981130505,-0.33568579712848673,269,0,269,0.5799256505576208,0.005278229840123631,always_short,-0.7042990335462748,-3.219874480039916,0.5040301339404711,2.4477516762027296,415,0.7641165755919854
0.3,1.5,1.0,6,48,3,short_only,0.76,0.24,-0.20956559713865897,-0.8362084855097667,-0.7318367551072593,-0.343427086017509,266,0,266,0.5601503759398496,0.005258957412637369,always_short,-0.7107857590067854,-3.271086793077647,0.5012201618681265,2.4348783075678804,428,0.756716757741348
0.0,2.0,1.5,6,24,2,short_only,0.76,0.24,-0.2294767294374883,-0.8564333354453143,-0.8001458519251013,-0.3096767107125232,269,0,269,0.49814126394052044,-4.790909859168463e-06,always_short,-0.7372609365509508,-3.2813635554861422,0.5077842071134625,2.424930220040828,435,0.8021402550091075
0.6,1.0,1.0,6,48,6,long_only,0.76,0.24,0.29047879002619204,0.9856486438553798,0.7344818330327114,-0.1456407811936775,276,276,0,0.5652173913043478,0.004522810644846087,always_long,-0.39020856633949474,-1.4358428325077273,0.6806873563656868,2.421491476363107,426,0.6127049180327869
0.3,1.0,2.0,6,24,6,long_only,0.65,0.35,0.8846881892366869,2.195659322656988,2.1143044305807157,-0.18336653350386892,310,310,0,0.47419354838709676,-0.001644438905821406,always_long,-0.07115378091542979,-0.22272141268850487,0.9558419701521167,2.418380735345493,395,0.6409380692167578
0.6,1.0,2.0,6,24,6,long_only,0.6,0.4,0.9412650879262385,2.1612190317098725,2.0237039280658524,-0.1703603518204947,324,324,0,0.4660493827160494,-0.0024028845130518793,always_long,-0.0809860819466045,-0.255994069789967,1.0222511698728431,2.4172131014998395,395,0.6409380692167578
0.0,1.5,1.0,6,48,6,short_only,0.72,0.28,-0.06395142825828193,-0.2459953750096664,-0.2093974357749692,-0.2771164529209584,251,0,251,0.5896414342629482,0.00981519999999995,always_short,-0.5842737973021908,-2.6628696320063074,0.5203223690439088,2.416874256996641,386,0.6491347905282332
0.3,1.0,2.0,6,24,6,long_only,0.63,0.37,0.879342731770264,2.1877201376131925,2.106978841745131,-0.15960699908879747,314,314,0,0.4713375796178344,-0.0016694866800355183,always_long,-0.07115378091542979,-0.22272141268850487,0.9504965126856938,2.410441550301697,395,0.6409380692167578
0.3,1.0,2.0,6,24,6,long_only,0.58,0.42,0.9477811819302921,2.1667092451477683,2.0397669145459134,-0.17532315147346916,328,328,0,0.4573170731707317,-0.0025078069625315462,always_long,-0.07115378091542979,-0.22272141268850487,1.018934962845722,2.3894306578362734,395,0.6409380692167578
0.3,1.0,2.0,6,24,6,long_only,0.76,0.24,0.8125147989454427,2.13259564992628,1.8032569552996218,-0.13354685536178854,263,263,0,0.5057034220532319,0.0003729623959414319,always_long,-0.07115378091542979,-0.22272141268850487,0.8836685798608724,2.355317062614785,395,0.6409380692167578
0.0,1.0,1.0,6,24,2,short_only,0.6799999999999999,0.32,-0.04675845152472158,-0.15078038890925274,-0.13855515595390408,-0.33258391066015186,371,0,371,0.5013477088948787,6.506618773958458e-06,always_short,-0.626968566553863,-2.5002304196119267,0.5802101150291414,2.3494500307026738,577,0.7374772313296903
0.0,2.0,2.5,6,24,2,short_only,0.63,0.37,-0.04469621739224128,-0.12970184285149047,-0.13687605447915305,-0.3191363192003479,299,0,299,0.4682274247491639,-0.0006872716399908054,always_short,-0.6413275383381569,-2.4634004503605818,0.5966313209459156,2.333698607509091,397,0.8194444444444444
0.0,1.0,2.0,6,72,6,long_only,0.63,0.37,1.8657485731348178,3.386123439405105,3.4699431820715945,-0.1484929944087347,282,282,0,0.46808510638297873,-0.010499999999999945,always_long,0.442320101705443,1.0543561390918252,1.4234284714293748,2.33176730031328,326,0.7037795992714025
0.0,2.5,2.0,6,24,6,long_only,0.58,0.42,1.1986320102605657,2.3624703467672843,2.254216794627614,-0.2000871540284126,293,293,0,0.552901023890785,0.0027610727595254714,always_long,0.012577937207547185,0.034275285659200475,1.1860540730530185,2.328195061108084,333,0.6966074681238615
0.6,1.0,2.0,6,24,6,long_only,0.76,0.24,0.7685232222920411,2.056519476253625,1.7318201460852234,-0.1260146327885356,263,263,0,0.49809885931558934,-8.978415367273456e-05,always_long,-0.0809860819466045,-0.255994069789967,0.8495093042386456,2.312513546043592,395,0.6409380692167578
0.0,2.0,3.0,6,24,2,short_only,0.72,0.28,0.04102073344324597,0.12428931342805984,0.128347941543443,-0.3160440362953329,255,0,255,0.4666666666666667,-0.000979435822342967,always_short,-0.5972181304990554,-2.178107302443623,0.6382388639423013,2.302396615871683,382,0.8262750455373407
0.0,2.0,2.0,6,24,2,short_only,0.76,0.24,-0.11834031082698915,-0.4140901612026234,-0.4060017071502832,-0.30483298145536863,256,0,256,0.48046875,-0.0008993026369514144,always_short,-0.6670882577652495,-2.6964000133500696,0.5487479469382603,2.282309852147446,414,0.8117030965391621
0.6,2.0,2.0,6,24,2,short_only,0.76,0.24,-0.1968825134869583,-0.7330602784761486,-0.7251312111995292,-0.31268084001226687,256,0,256,0.48046875,-0.0007431197294671382,always_short,-0.698020955846618,-3.010241954389008,0.5011384423596598,2.2771816759128596,414,0.8117030965391621
0.6,1.0,2.0,6,24,6,long_only,0.65,0.35,0.7876253643665396,2.0171088743064187,1.937204170404778,-0.1934033669205437,310,310,0,0.47096774193548385,-0.0020632432723686213,always_long,-0.0809860819466045,-0.255994069789967,0.8686114463131441,2.2731029440963857,395,0.6409380692167578
0.0,2.0,1.5,12,24,6,long_only,0.76,0.24,0.5434708649152475,1.2634134105623331,1.0059423381846577,-0.16439007309418596,225,225,0,0.5822222222222222,0.003919492007299781,always_long,-0.32813255522715645,-0.9885314602316078,0.871603420142404,2.251944870793941,333,0.6966074681238615
0.6,1.0,2.0,6,24,6,long_only,0.63,0.37,0.7741696265276397,1.9929038597208146,1.9142472886778552,-0.16458130958138137,314,314,0,0.4681528662420382,-0.0022931861098155334,always_long,-0.0809860819466045,-0.255994069789967,0.8551557084742442,2.2488979295107816,395,0.6409380692167578
0.0,1.0,1.0,6,24,2,short_only,0.76,0.24,-0.06986041765794648,-0.2597310768371008,-0.2239614568981533,-0.29935482997126983,312,0,312,0.4967948717948718,-0.0003183254193724084,always_short,-0.626968566553863,-2.5002304196119267,0.5571081488959165,2.240499342774826,577,0.7374772313296903
0.0,1.0,2.0,6,24,6,long_only,0.58,0.42,1.2282394684141682,2.56240003269293,2.4364760542481085,-0.15485324753142948,328,328,0,0.4695121951219512,-0.0018251293852668104,always_long,0.1164050761194253,0.32505157391893713,1.111834392294743,2.237348458773993,395,0.6409380692167578
0.3,1.5,1.0,6,48,6,short_only,0.72,0.28,-0.13198485703191443,-0.5382397672838155,-0.4559958749717381,-0.3100162579975828,251,0,251,0.5697211155378487,0.005543578628718617,always_short,-0.589316566705225,-2.775580602163566,0.4573317096733106,2.2373408348797503,386,0.6491347905282332
0.6,2.0,2.5,6,24,2,short_only,0.63,0.37,-0.0943663556035188,-0.2878027418480572,-0.3067968671119346,-0.3326306683699473,299,0,299,0.45819397993311034,-0.0013774137358245136,always_short,-0.6361937746899047,-2.492232077745355,0.5418274190863859,2.2044293358972977,397,0.8194444444444444
0.0,1.0,1.0,6,24,2,short_only,0.63,0.37,-0.09508678359027123,-0.3096237938278269,-0.3006650742532966,-0.3316057427920731,405,0,405,0.5012345679012346,3.512450176523197e-05,always_short,-0.626968566553863,-2.5002304196119267,0.5318817829635918,2.1906066257841,577,0.7374772313296903
0.6,1.0,2.0,6,24,6,long_only,0.58,0.42,0.8106616671998743,1.9337259460299996,1.8167545374380705,-0.19248752731929392,328,328,0,0.45121951219512196,-0.003062248844830413,always_long,-0.0809860819466045,-0.255994069789967,0.8916477491464788,2.1897200158199666,395,0.6409380692167578
0.3,2.0,2.5,6,24,2,short_only,0.76,0.24,-0.045555238711608714,-0.15236387846197127,-0.1517354904526191,-0.32608813346934273,248,0,248,0.47580645161290325,-0.000857019336216769,always_short,-0.6153861962518927,-2.3357299711398025,0.569830957540284,2.183366092677831,397,0.8194444444444444
0.0,1.0,1.0,6,24,2,short_only,0.72,0.28,-0.08861602712264038,-0.31974458924652355,-0.2814456229134231,-0.32427744770671024,332,0,332,0.49698795180722893,-0.00030449845549455716,always_short,-0.626968566553863,-2.5002304196119267,0.5383525394312226,2.180485830365403,577,0.7374772313296903
0.0,2.0,2.0,6,24,2,short_only,0.72,0.28,-0.14899575141472643,-0.5163633406437105,-0.5288563901266511,-0.33009871992568696,269,0,269,0.483271375464684,-0.0006663115047435007,always_short,-0.6670882577652495,-2.6964000133500696,0.5180925063505231,2.1800366727063594,414,0.8117030965391621
0.6,2.0,2.5,6,24,2,short_only,0.76,0.24,-0.09103117437462205,-0.31288739050296965,-0.31244170169515384,-0.3341518464180226,248,0,248,0.4717741935483871,-0.001014785794404066,always_short,-0.6361937746899047,-2.492232077745355,0.5451626003152826,2.179344687242385,397,0.8194444444444444
0.0,1.0,2.0,6,72,6,long_only,0.65,0.35,1.654771582349591,3.221543214759245,3.27271350715076,-0.1651892102046302,279,279,0,0.45878136200716846,-0.010499999999999952,always_long,0.442320101705443,1.0543561390918252,1.212451480644148,2.16718707566742,326,0.7037795992714025
0.3,2.0,2.0,6,24,2,short_only,0.76,0.24,-0.16717067592391033,-0.6098538058883898,-0.599078698207786,-0.298719346063952,256,0,256,0.48828125,-0.0005268229759211953,always_short,-0.6719358195237508,-2.7737538441294216,0.5047651435998405,2.1639000382410316,414,0.8117030965391621
0.6,1.0,1.0,6,72,6,long_only,0.76,0.24,0.21562670884596136,0.7525863716267411,0.5667795662937734,-0.14564078119367033,274,274,0,0.5583941605839416,0.004522810644846087,always_long,-0.3847190786941749,-1.4072598394256488,0.6003457875401362,2.1598462110523897,421,0.6172586520947176
0.3,1.0,2.0,6,72,6,long_only,0.63,0.37,1.4366072326021335,2.9272980694512114,2.9563128054455663,-0.15593420547419834,282,282,0,0.46808510638297873,-0.00752106318956865,always_long,0.30375617266161603,0.7870481698952715,1.1328510599405175,2.14024989955594,326,0.7037795992714025
0.0,2.5,2.0,6,24,6,long_only,0.6,0.4,1.0591550016945344,2.1734800865712547,2.04415273582481,-0.21756638564001932,290,290,0,0.5655172413793104,0.0028376015823825974,always_long,0.012577937207547185,0.034275285659200475,1.0465770644869872,2.1392048009120543,333,0.6966074681238615
0.6,2.5,3.0,6,24,6,long_only,0.6,0.4,1.0181507937282768,2.090252044277331,2.024493333538476,-0.1947627239320697,269,269,0,0.5427509293680297,0.001934900617898199,always_long,-0.01655321477585281,-0.04645127297096837,1.0347040085041295,2.1367033172482994,315,0.7137978142076503
0.6,1.0,1.0,6,72,6,long_only,0.6,0.4,0.23223334420111108,0.718893731304229,0.6052613111905469,-0.18647869671896655,343,343,0,0.5422740524781341,0.004721579469088881,always_long,-0.3847190786941749,-1.4072598394256488,0.616952422895286,2.126153570729878,421,0.6172586520947176
0.0,1.5,1.0,6,48,3,short_only,0.72,0.28,-0.12461713055747858,-0.45163610330825804,-0.41102353464183317,-0.2808449612314405,282,0,282,0.5851063829787234,0.009815200000000007,always_short,-0.6313058525158348,-2.5703670342528886,0.5066887219583562,2.1187309309446305,428,0.756716757741348
0.6,2.0,1.5,12,24,6,long_only,0.58,0.42,0.3406604826628119,0.819603423617615,0.751465385420774,-0.18620974493653658,281,281,0,0.5409252669039146,0.0023305401148951787,always_long,-0.39881475930811616,-1.295514544054548,0.7394752419709281,2.115117967672163,333,0.6966074681238615
0.6,2.0,2.0,6,24,2,short_only,0.72,0.28,-0.24218658295201567,-0.9002710557395888,-0.916836192388125,-0.34190354394583244,269,0,269,0.4795539033457249,-0.000302990538600701,always_short,-0.698020955846618,-3.010241954389008,0.4558343728946024,2.1099708986494194,414,0.8117030965391621
0.6,2.5,3.0,6,24,6,long_only,0.63,0.37,0.977297562419271,2.0581119397728513,1.9802858028054222,-0.22084099833925613,262,262,0,0.549618320610687,0.001990732734647338,always_long,-0.01655321477585281,-0.04645127297096837,0.9938507771951238,2.1045632127438196,315,0.7137978142076503
0.6,1.0,2.0,6,72,6,long_only,0.63,0.37,1.3984183228216382,2.884724462997079,2.908264935494721,-0.1584536413362509,282,282,0,0.4645390070921986,-0.004524144869215323,always_long,0.3002913194604613,0.7810147271020579,1.098127003361177,2.103709735895021,326,0.7037795992714025
0.6,1.0,1.0,6,48,6,long_only,0.6,0.4,0.2162378875223403,0.6576393684546139,0.5463214435194599,-0.18647869671896514,345,345,0,0.5304347826086957,0.0040963047216673355,always_long,-0.39020856633949474,-1.4358428325077273,0.606446453861835,2.0934822009623413,426,0.6127049180327869
0.3,2.0,3.0,6,24,2,short_only,0.72,0.28,-0.023629991977717868,-0.07500594006856184,-0.077097796317144,-0.2908542557290777,255,0,255,0.47843137254901963,-0.0006966326341543979,always_short,-0.5871200846532012,-2.161939673545656,0.5634900926754833,2.0869337334770943,382,0.8262750455373407
0.3,2.0,1.0,12,48,6,short_only,0.63,0.37,-0.2567423654092902,-0.8673370244504233,-0.7840749105498546,-0.34877266231601467,236,0,236,0.6016949152542372,0.006094726898700886,always_short,-0.6827968059131355,-2.941839624088665,0.42605444050384533,2.074502599638242,294,0.7329234972677595
0.3,1.0,1.0,6,48,6,long_only,0.76,0.24,0.2861937077700769,0.9680777365163414,0.7214639795679062,-0.151941200695793,276,276,0,0.5652173913043478,0.0047331833526145185,always_long,-0.3187803962083431,-1.100627535420829,0.60497410397842,2.0687052719371706,426,0.6127049180327869
0.3,2.0,2.0,6,24,2,short_only,0.72,0.28,-0.19591211283987042,-0.7068091778392793,-0.72169136623958,-0.31372581179931314,269,0,269,0.48698884758364314,-0.0002891268512988951,always_short,-0.6719358195237508,-2.7737538441294216,0.4760237066838804,2.0669446662901425,414,0.8117030965391621
0.6,2.0,2.5,12,48,6,long_only,0.6799999999999999,0.32,0.902314604581953,1.86463107653977,1.8620099554408802,-0.17064207532864203,198,198,0,0.5454545454545454,0.0038073746200977397,always_long,-0.07518573985697385,-0.20008945123736424,0.9775003444389269,2.0647205277771343,238,0.7839253187613844
0.0,2.5,3.0,6,24,6,long_only,0.6,0.4,1.2636273474470623,2.3958196579730293,2.348305211005458,-0.2049478614776273,269,269,0,0.5687732342007435,0.0026701808570466137,always_long,0.1311267246256831,0.334516035102583,1.1325006228213792,2.0613036228704464,315,0.7137978142076503
0.6,2.5,3.0,6,24,3,long_only,0.6,0.4,0.9194878009910239,1.7601693270074417,1.787386370131039,-0.1888252545039304,295,295,0,0.5220338983050847,0.0008349386924080197,always_long,-0.11173079491316706,-0.2980283677270634,1.0312185959041908,2.0581976947345053,353,0.799408014571949
0.0,2.5,3.0,6,24,6,long_only,0.63,0.37,1.2292596730102003,2.39151204833992,2.3239788673717836,-0.18808089802397995,262,262,0,0.5687022900763359,0.0026105933481844978,always_long,0.1311267246256831,0.334516035102583,1.0981329483845172,2.0569960132373373,315,0.7137978142076503
0.0,2.0,2.0,6,24,6,long_only,0.58,0.42,0.9193819330203716,2.006875806901889,1.9268067440845424,-0.16721509197709922,296,296,0,0.5405405405405406,0.0021473267581093073,always_long,-0.017450874888487178,-0.04979212047522546,0.9368328079088588,2.0566679273771142,345,0.6856785063752276
0.0,1.5,1.0,6,72,3,short_only,0.72,0.28,-0.14174205545227192,-0.5179298420188477,-0.47536433106516296,-0.30856193107020896,269,0,269,0.5947955390334573,0.009822899999999947,always_short,-0.630439646576922,-2.5697714693171743,0.48869759112465005,2.0518416272983266,415,0.7641165755919854
0.6,2.0,2.5,12,48,6,long_only,0.65,0.35,0.932170621220691,1.8466272640983645,1.8620606793994816,-0.17763608124240676,206,206,0,0.5533980582524272,0.004203828120530172,always_long,-0.07518573985697385,-0.20008945123736424,1.0073563610776648,2.046716715335729,238,0.7839253187613844
0.6,2.5,2.0,6,24,6,long_only,0.58,0.42,1.0196210426101437,2.137367044800492,2.0320821181236144,-0.19679227451370504,293,293,0,0.5460750853242321,0.0021956988615566032,always_long,0.03405498012592201,0.09311537764679198,0.9855660624842217,2.0442516671537,333,0.6966074681238615
0.6,2.0,2.0,6,24,6,long_only,0.58,0.42,0.8050306708978867,1.8364542268550097,1.749890062033981,-0.16516252219350253,296,296,0,0.5371621621621622,0.0016829254345523271,always_long,-0.06761716892225167,-0.20151612327107543,0.8726478398201384,2.037970350126085,345,0.6856785063752276
0.6,1.0,1.0,6,72,6,long_only,0.58,0.42,0.1979928000211637,0.6210416833471375,0.5287713307118442,-0.171285666826641,348,348,0,0.5402298850574713,0.004689723737963489,always_long,-0.3847190786941749,-1.4072598394256488,0.5827118787153386,2.0283015227727863,421,0.6172586520947176
0.0,1.5,2.5,6,72,6,long_only,0.76,0.24,1.4125829750791041,2.904365735180503,2.921076098653048,-0.13063429099366491,183,183,0,0.5300546448087432,0.003938350341448932,always_long,0.3794298691176301,0.876723545780648,1.033153105961474,2.027642189399855,254,0.7693533697632058
0.6,2.0,3.0,6,24,2,short_only,0.72,0.28,-0.04984025425610661,-0.16005629130017068,-0.16444249285113685,-0.2982844236095621,255,0,255,0.4745098039215686,-0.0008396888543961215,always_short,-0.5887469500302968,-2.184759533918042,0.5389066957741901,2.0247032426178713,382,0.8262750455373407
0.3,2.0,1.5,6,24,3,long_only,0.58,0.42,0.6791473476700867,1.4944325943825394,1.4217406900743588,-0.16444460575168288,337,337,0,0.5786350148367952,0.003313808406430656,always_long,-0.17472016697299309,-0.5269896549185465,0.8538675146430798,2.021422249301086,415,0.7641165755919854
0.0,1.0,2.0,6,72,6,long_only,0.6,0.4,1.6594008909768965,3.0669412415892867,3.114655630034059,-0.15743381796743605,284,284,0,0.45422535211267606,-0.01049999999999995,always_long,0.442320101705443,1.0543561390918252,1.2170807892714535,2.0125851024974617,326,0.7037795992714025
0.0,2.5,3.0,6,24,6,long_only,0.58,0.42,1.2249384730893067,2.3440505946718972,2.325820767555268,-0.16222231826948277,270,270,0,0.5518518518518518,0.002648057260700505,always_long,0.1311267246256831,0.334516035102583,1.0938117484636236,2.0095345595693144,315,0.7137978142076503
0.0,1.5,3.0,6,24,3,long_only,0.76,0.24,1.5583536479104283,2.9265582675565414,2.741713608831748,-0.14654066932328588,247,247,0,0.5587044534412956,0.001971739142495809,always_long,0.4357447530996206,0.9246173494232743,1.1226088948108077,2.001940918133267,384,0.7817622950819673
0.6,2.5,3.0,6,24,6,long_only,0.58,0.42,0.9256355392628866,1.9531517861002112,1.9133675091441784,-0.16391354375126194,270,270,0,0.5333333333333333,0.0016216542725552474,always_long,-0.01655321477585281,-0.04645127297096837,0.9421887540387394,1.9996030590711795,315,0.7137978142076503
0.6,1.0,1.0,6,48,6,long_only,0.58,0.42,0.18244181527919534,0.5622461497113188,0.4724234969412598,-0.1793036091362446,350,350,0,0.5285714285714286,0.0041722460732901995,always_long,-0.39020856633949474,-1.4358428325077273,0.5726503816186901,1.9980889822190462,426,0.6127049180327869
0.0,1.0,1.0,6,48,2,short_only,0.72,0.28,-0.046500151645596954,-0.16345864463357554,-0.1465953478934911,-0.23816768936635102,317,0,317,0.501577287066246,0.0016523069636917532,always_short,-0.5737579321978478,-2.1580564186298568,0.5272577805522508,1.9945977739962812,546,0.7515938069216758
0.3,1.0,1.0,6,24,2,short_only,0.72,0.28,-0.1841826922099773,-0.7214235445137117,-0.6344925905297962,-0.33910969697667465,332,0,332,0.4819277108433735,-0.0012495596373341515,always_short,-0.6469101478152965,-2.7154520208408535,0.46272745560531925,1.9940284763271419,577,0.7374772313296903
0.0,2.0,1.5,12,24,6,long_only,0.58,0.42,0.438452568758136,1.0011997760751654,0.9218867327273538,-0.18921208688147306,281,281,0,0.5551601423487544,0.003373840709101272,always_long,-0.32813255522715645,-0.9885314602316078,0.7665851239852924,1.9897312363067732,333,0.6966074681238615
0.0,1.5,1.0,6,72,6,short_only,0.72,0.28,-0.11321781307909906,-0.44636900853961564,-0.3854049045200954,-0.2875712166916895,244,0,244,0.5942622950819673,0.009807500000000004,always_short,-0.5571640563603992,-2.4326597100818876,0.44394624328130017,1.986290701542272,374,0.660063752276867
0.3,2.5,3.0,6,24,3,long_only,0.6,0.4,0.9017092793129848,1.7326764886369028,1.7641954252999665,-0.19203537801486778,295,295,0,0.5254237288135594,0.0009175213844195634,always_long,-0.09568952182194024,-0.2526383799128337,0.9973988011349251,1.9853148685497366,353,0.799408014571949
0.6,2.0,1.5,6,24,3,long_only,0.58,0.42,0.568422590004533,1.3006899940540222,1.2338441476397402,-0.1751186660934367,337,337,0,0.5756676557863502,0.003207886173772979,always_long,-0.21920229677120584,-0.6835943433208952,0.7876248867757388,1.9842843373749175,415,0.7641165755919854
0.3,1.0,1.5,6,24,3,short_only,0.63,0.37,-0.2569837305575594,-0.9155685271880732,-0.8843173240598997,-0.3431779543545508,355,0,355,0.4197183098591549,-0.005602625759973737,always_short,-0.6694124251284224,-2.899625631141801,0.41242869457086295,1.9840571039537278,496,0.7180100182149363
0.6,2.0,1.5,12,48,2,long_only,0.76,0.24,0.9664151291257941,1.9094060863872848,1.7130490667318603,-0.17925733256614856,214,214,0,0.6448598130841121,0.009422843880124376,always_long,-0.027007132285178037,-0.06625690686858048,0.9934222614109721,1.9756629932558654,301,0.86316029143898
0.3,1.5,1.5,6,24,6,short_only,0.76,0.24,-0.18793678161542082,-0.7798778444096626,-0.6644330096225942,-0.3157152571126885,244,0,244,0.5081967213114754,0.000298112113792879,always_short,-0.590376099118127,-2.7549374695653093,0.40243931750270623,1.9750596251556467,375,0.6591530054644809
0.3,1.0,1.0,6,24,2,short_only,0.76,0.24,-0.18241880656699005,-0.7428312485021217,-0.6354330314181428,-0.3159692140519304,312,0,312,0.49038461538461536,-0.0012380666073632486,always_short,-0.6469101478152965,-2.7154520208408535,0.4644913412483065,1.9726207723387317,577,0.7374772313296903
0.3,2.0,2.5,6,24,2,short_only,0.63,0.37,-0.11894717924053488,-0.3662916939565001,-0.38785603795165613,-0.34328362011098723,299,0,299,0.47491638795986624,-0.0009109536532144432,always_short,-0.6153861962518927,-2.3357299711398025,0.49643901701135784,1.9694382771833023,397,0.8194444444444444
0.0,1.0,1.0,6,48,2,short_only,0.6799999999999999,0.32,-0.056228640589664036,-0.18870458250141176,-0.1782235113781815,-0.27055031585156625,349,0,349,0.49570200573065903,-0.000555347450451368,always_short,-0.5737579321978478,-2.1580564186298568,0.5175292916081837,1.969351836128445,546,0.7515938069216758
0.0,2.5,2.5,12,48,6,short_only,0.63,0.37,-0.14976502586101237,-0.46462678961797643,-0.508612924200173,-0.3415497287304953,186,0,186,0.4946236559139785,-0.0009424391737577358,always_short,-0.6226631842632278,-2.4338204771155545,0.4728981584022154,1.9691936874975782,225,0.7949681238615665
0.3,2.5,3.0,6,24,6,long_only,0.6,0.4,1.0028047259567283,2.0708179132989533,2.006444819993317,-0.19530408711542735,269,269,0,0.550185873605948,0.002099743512600736,always_long,0.038349581919943754,0.10421961627139248,0.9644551440367846,1.9665982970275608,315,0.7137978142076503
0.3,1.5,1.0,6,48,6,short_only,0.76,0.24,-0.18835773801778555,-0.8130402352580305,-0.6630685126642323,-0.3384819971464459,240,0,240,0.5583333333333333,0.005701428275781143,always_short,-0.589316566705225,-2.775580602163566,0.4009588286874395,1.9625403669055355,386,0.6491347905282332
0.3,1.0,2.5,6,24,3,short_only,0.72,0.28,-0.009187363328119869,-0.03124104799949864,-0.03092105671443842,-0.21974345125743483,285,0,285,0.38596491228070173,-0.00752526281156533,always_short,-0.5455121672328873,-1.9907489431346341,0.5363248039047674,1.9595078951351355,446,0.7464708561020036
0.3,2.0,2.5,6,24,2,short_only,0.72,0.28,-0.11350417948323466,-0.37847534296721513,-0.3904039295166969,-0.3400078047123049,261,0,261,0.4827586206896552,-0.0004067573415847542,always_short,-0.6153861962518927,-2.3357299711398025,0.5018820167686581,1.9572546281725873,397,0.8194444444444444
0.0,1.5,1.0,6,48,6,short_only,0.76,0.24,-0.1689073184314649,-0.7063313204471612,-0.5735043406633306,-0.3162336928391907,240,0,240,0.575,0.009799800000000006,always_short,-0.5842737973021908,-2.6628696320063074,0.41536647887072586,1.9565383115591461,386,0.6491347905282332
0.0,1.0,1.0,6,48,2,short_only,0.76,0.24,-0.05492601029606414,-0.20173486949253183,-0.17777539609694762,-0.22819000480329338,297,0,297,0.4983164983164983,-0.00019877421345676564,always_short,-0.5737579321978478,-2.1580564186298568,0.5188319219017836,1.956321549137325,546,0.7515938069216758
0.6,2.0,1.0,12,24,2,long_only,0.76,0.24,0.1256678083546956,0.3228988121534433,0.25651034546576795,-0.19164699024210233,264,264,0,0.6098484848484849,0.003755325550506344,always_long,-0.5083873226591156,-1.6304035791286098,0.6340551310138112,1.953302391282053,407,0.8148907103825137
0.3,2.0,2.0,6,24,6,long_only,0.58,0.42,0.8084905919327099,1.8433104017787119,1.7576680796216364,-0.16602915460773815,296,296,0,0.5405405405405406,0.0016453165747509619,always_long,-0.03732986554094009,-0.1089448103164305,0.84582045747365,1.9522552120951424,345,0.6856785063752276
0.6,2.0,1.5,6,48,3,long_only,0.58,0.42,0.6676770755170613,1.4430953280824497,1.3880362473139383,-0.2293441883904227,284,284,0,0.6091549295774648,0.009919566140245905,always_long,-0.18043201129966646,-0.5068421167903683,0.8481090868167278,1.949937444872818,332,0.8113615664845173
0.3,1.0,1.0,6,72,6,long_only,0.6,0.4,0.28343767540506315,0.8504551072222367,0.7218589791959593,-0.1784121233348132,343,343,0,0.5451895043731778,0.004907324008594312,always_long,-0.3185645998575688,-1.0982216763018657,0.602002275262632,1.9486767835241023,421,0.6172586520947176
0.0,2.0,3.0,12,24,6,long_only,0.58,0.42,1.5595012050398283,2.520323078599274,2.5847809094156227,-0.14608651890981886,267,267,0,0.5243445692883895,0.0005922261269067075,always_long,0.25663816028093467,0.5725450933600263,1.3028630447588936,1.9477779852392478,307,0.7202868852459017
0.0,2.0,2.0,6,24,6,long_only,0.76,0.24,0.7816777767416421,1.8977285908176917,1.6050411373530955,-0.14573767601198032,242,242,0,0.5661157024793388,0.0031055749310377754,always_long,-0.017450874888487178,-0.04979212047522546,0.7991286516301292,1.9475207112929172,345,0.6856785063752276
0.3,2.0,1.5,12,24,6,long_only,0.58,0.42,0.30680510126567073,0.7453519064685842,0.6830388983875095,-0.2039677149660542,281,281,0,0.5373665480427047,0.0023305401148951787,always_long,-0.37607920677724294,-1.1937156351529712,0.6828843080429137,1.9390675416215553,333,0.6966074681238615
0.0,1.5,1.5,6,24,6,short_only,0.76,0.24,-0.1291382746589962,-0.5023114673951511,-0.43252254390116873,-0.298859283227336,244,0,244,0.5081967213114754,0.0005143459551008615,always_short,-0.5563921463750985,-2.4405597856239254,0.4272538717161023,1.9382483182287742,375,0.6591530054644809
0.3,2.5,2.0,6,24,6,long_only,0.58,0.42,0.987760516791883,2.0891782715193323,1.9804629221083676,-0.19530672343602382,293,293,0,0.5426621160409556,0.0021177529470091058,always_long,0.05767317184304099,0.1551938996709569,0.930087344948842,1.9339843718483753,333,0.6966074681238615
0.6,2.0,1.5,12,24,6,long_only,0.76,0.24,0.2395707488757992,0.6381130429803623,0.5014063450942157,-0.18274165389872674,225,225,0,0.5777777777777777,0.0026475135214301545,always_long,-0.39881475930811616,-1.295514544054548,0.6383855081839154,1.9336275870349102,333,0.6966074681238615
0.6,2.0,2.0,12,24,2,short_only,0.72,0.28,-0.256629988689254,-0.8915280917870809,-0.8796217248455929,-0.34171518042312876,258,0,258,0.4806201550387597,-0.00034794209644182464,always_short,-0.6918665635757628,-2.823905649703421,0.4352365748865088,1.9323775579163402,373,0.8303734061930783
0.6,2.0,1.5,6,24,2,long_only,0.58,0.42,0.7729323361374942,1.582035821842173,1.5511531920217612,-0.1903123947713577,355,355,0,0.5746478873239437,0.003558190323502201,always_long,-0.12904900279384945,-0.3477587248256239,0.9019813389313437,1.929794546667797,441,0.799408014571949
0.6,2.0,2.0,6,24,6,long_only,0.6,0.4,0.7424037389882086,1.7276763301772298,1.6316484681948862,-0.174624863900148,293,293,0,0.5426621160409556,0.001934900617898199,always_long,-0.06761716892225167,-0.20151612327107543,0.8100209079104602,1.9291924534483051,345,0.6856785063752276
0.0,1.5,1.0,6,48,3,short_only,0.76,0.24,-0.16977256903598725,-0.6457501489389567,-0.5645508345319677,-0.32423297058770095,266,0,266,0.575187969924812,0.009799800000000015,always_short,-0.6313058525158348,-2.5703670342528886,0.46153328347984757,1.9246168853139318,428,0.756716757741348
0.0,2.0,2.5,6,48,6,long_only,0.76,0.24,1.0515939175594098,2.3611670723402884,2.3388016195656545,-0.17667357469026632,187,187,0,0.5561497326203209,0.004057470109548329,always_long,0.17432680547031532,0.43755545778617577,0.8772671120890945,1.9236116145541127,255,0.7684426229508197
0.0,2.0,1.5,12,24,6,long_only,0.6799999999999999,0.32,0.40710294038151495,0.9336651219628065,0.7949201160464084,-0.1717240658792094,255,255,0,0.5725490196078431,0.003316264334681955,always_long,-0.32813255522715645,-0.9885314602316078,0.7352354956086714,1.9221965821944142,333,0.6966074681238615
0.3,1.0,1.0,6,48,3,short_only,0.72,0.28,-0.06936650332034022,-0.24551506674435217,-0.2114182770534947,-0.2626007206604623,309,0,309,0.5016181229773463,0.0001613445056618034,always_short,-0.5731913643565509,-2.16453195963515,0.5038248610362107,1.919016892890798,520,0.7043488160291439
0.3,2.5,3.0,6,24,3,long_only,0.58,0.42,0.8450554365327962,1.6641801749706318,1.7051785079909585,-0.1712306858323343,296,296,0,0.5236486486486487,0.0009338791246865354,always_long,-0.09568952182194024,-0.2526383799128337,0.9407449583547365,1.9168185548834655,353,0.799408014571949
0.6,2.5,3.0,6,24,3,long_only,0.58,0.42,0.80978107208871,1.6153892130789735,1.650306302259519,-0.1831729868184242,296,296,0,0.5168918918918919,0.0007374290428370505,always_long,-0.11173079491316706,-0.2980283677270634,0.921511867001877,1.913417580806037,353,0.799408014571949
0.3,1.0,2.0,6,72,6,long_only,0.6,0.4,1.323823727775061,2.700093086139893,2.692059964775141,-0.16437226330584517,284,284,0,0.45774647887323944,-0.007521063189568653,always_long,0.30375617266161603,0.7870481698952715,1.020067555113445,1.9130449162446213,326,0.7037795992714025
0.3,2.5,3.0,6,24,6,long_only,0.63,0.37,0.9478130031718388,2.0150193589964998,1.937243648127375,-0.22275597886820592,262,262,0,0.5534351145038168,0.0018555928816216666,always_long,0.038349581919943754,0.10421961627139248,0.909463421251895,1.9107997427251073,315,0.7137978142076503
0.3,2.0,1.5,6,48,3,long_only,0.58,0.42,0.671090033787586,1.4463236296793052,1.3915123342404652,-0.23877074480645877,284,284,0,0.6056338028169014,0.00999620534196421,always_long,-0.16517299304716793,-0.4595342877723673,0.836263026834754,1.9058579174516725,332,0.8113615664845173
0.6,2.5,2.0,6,24,6,long_only,0.6,0.4,0.9244524436251464,1.992808419762474,1.87528082890637,-0.21139755028543636,290,290,0,0.5517241379310345,0.0021983596335202913,always_long,0.03405498012592201,0.09311537764679198,0.8903974634992244,1.8996930421156821,333,0.6966074681238615
0.6,2.0,3.0,12,24,2,short_only,0.63,0.37,0.01999225202398658,0.05452933796994794,0.06043636927383152,-0.3312152926822704,278,0,278,0.4892086330935252,-0.00029211711953733207,always_short,-0.5279518346502123,-1.8427669121560666,0.5479440866741989,1.8972962501260144,356,0.8378870673952641
0.3,2.0,1.5,12,24,6,long_only,0.76,0.24,0.2665221888907725,0.6990708630421563,0.5521010943001703,-0.18234275305117603,225,225,0,0.5733333333333334,0.0026475135214301545,always_long,-0.37607920677724294,-1.1937156351529712,0.6426013956680154,1.8927864981951275,333,0.6966074681238615
0.0,2.0,2.0,6,24,3,short_only,0.65,0.35,-0.1431106377792244,-0.4606504027916277,-0.45728782979346544,-0.3448288201106789,290,0,290,0.4724137931034483,-0.0007306965291239243,always_short,-0.5902746476665859,-2.3499867893147246,0.4471640098873615,1.8893363865230968,397,0.7743624772313297
0.0,1.0,1.0,6,72,6,long_only,0.6,0.4,0.6139890846712579,1.5826817187375966,1.377706950813705,-0.17391522597729073,343,343,0,0.5743440233236151,0.009999999999999952,always_long,-0.10372331353804576,-0.3036604693695966,0.7177123982093037,1.8863421881071931,421,0.6172586520947176
0.0,2.0,1.5,6,24,3,long_only,0.58,0.42,0.9341786635243898,1.887110078670466,1.804191363711347,-0.1313328855991966,337,337,0,0.599406528189911,0.003876413279537858,always_long,0.0003642913285579752,0.000973480179725851,0.9338143721958319,1.8861365984907401,415,0.7641165755919854
0.3,2.5,2.5,6,48,3,long_only,0.76,0.24,0.9172973772146784,1.9915259614970588,1.9463073011727754,-0.21765535769270355,193,193,0,0.5854922279792746,0.00857051579302209,always_long,0.0437747302625382,0.10643169473202542,0.8735226469521402,1.8850942667650334,256,0.8546220400728597
0.6,2.0,3.0,12,24,6,long_only,0.58,0.42,1.2236004149881494,2.182136993644805,2.2220011255854875,-0.14027560076874585,267,267,0,0.5131086142322098,0.00041898520921691276,always_long,0.12444161381456587,0.29879673191597605,1.0991588011735836,1.8833402617288288,307,0.7202868852459017
0.0,1.5,2.5,6,24,6,long_only,0.76,0.24,1.200728053733768,2.619602663474375,2.330491214243488,-0.1253935250377283,240,240,0,0.5333333333333333,0.0012567706780236658,always_long,0.3040089660515184,0.7364710027625562,0.8967190876822495,1.8831316607118187,349,0.682832422586521
0.3,2.0,2.0,6,24,6,long_only,0.6,0.4,0.767647362424511,1.7728821585476933,1.6761254263520151,-0.1775592735642521,293,293,0,0.5494880546075085,0.0016237803617337658,always_long,-0.03732986554094009,-0.1089448103164305,0.8049772279654511,1.8818269688641238,345,0.6856785063752276
0.6,1.5,1.0,12,72,6,long_only,0.76,0.24,0.25220517711946155,0.6830687139617113,0.5503410937078034,-0.156883306143086,215,215,0,0.6465116279069767,0.006409025743512769,always_long,-0.3707606159333131,-1.1984981870784066,0.6229657930527747,1.881566901040118,313,0.7156193078324226
0.0,2.5,2.5,12,24,2,short_only,0.63,0.37,-0.14900527044265255,-0.4349748396939869,-0.46477780736297636,-0.30353638896468005,275,0,275,0.48727272727272725,-0.00030378820277137525,always_short,-0.6224910684510774,-2.3137164528179417,0.47348579800842483,1.8787416131239547,354,0.8390255009107468
0.0,2.0,1.5,12,48,3,long_only,0.76,0.24,0.9308032858041824,1.888362294516455,1.6855450893034667,-0.188450908669654,207,207,0,0.6376811594202898,0.014999999999999838,always_long,0.0044983815923493875,0.010840767346314395,0.926304904211833,1.8775215271701406,298,0.8307149362477231
0.6,2.5,3.0,6,24,3,long_only,0.76,0.24,0.6639237024842775,1.5725568407739592,1.413496681341171,-0.23280678824872006,240,240,0,0.5416666666666666,0.0012768985211410089,always_long,-0.11173079491316706,-0.2980283677270634,0.7756544973974445,1.8705852085010226,353,0.799408014571949
0.3,2.0,3.0,12,24,6,long_only,0.58,0.42,1.2410954931067173,2.1847251105887375,2.236690680893282,-0.14012383150103463,267,267,0,0.5168539325842697,0.0009796732163295891,always_long,0.13170429553437635,0.3141883747577227,1.109391197572341,1.8705367358310148,307,0.7202868852459017
0.0,2.5,2.5,6,24,6,long_only,0.76,0.24,0.8499982948862659,1.9510464120699749,1.6778238246922539,-0.15400854331808114,226,226,0,0.5442477876106194,0.0017169291917380285,always_long,0.030989294355789232,0.08074977139200368,0.8190090005304766,1.8702966406779713,323,0.7057149362477231
0.6,2.0,2.5,6,48,6,long_only,0.76,0.24,0.7910985834188635,1.9480862096164038,1.8996257830644567,-0.17896103018346546,187,187,0,0.5508021390374331,0.002342882741405904,always_long,0.028961333940697553,0.0788004750969041,0.762137249478166,1.8692857345194998,255,0.7684426229508197
0.0,1.0,1.0,6,48,6,long_only,0.76,0.24,0.5439789857554373,1.6220214238651236,1.2293526930930685,-0.11313441145227666,276,276,0,0.5797101449275363,0.009999999999999953,always_long,-0.08505296977995613,-0.24710826829462287,0.6290319555353935,1.8691296921597464,426,0.6127049180327869
0.0,1.0,1.0,6,72,2,short_only,0.6799999999999999,0.32,-0.1003090801096922,-0.34424411685703854,-0.32559235914747753,-0.30743851310235004,343,0,343,0.5014577259475219,0.0009555893936368264,always_short,-0.5869485913702578,-2.2128916603821716,0.4866395112605656,1.868647543525133,533,0.7575136612021858
0.0,2.0,3.0,12,24,2,short_only,0.63,0.37,0.11306480362935756,0.29058794885389805,0.32254786832067367,-0.2978295986063762,278,0,278,0.5,-3.035439220532517e-05,always_short,-0.47986297725188654,-1.576188779222474,0.5929277808812441,1.866776728076372,356,0.8378870673952641
0.0,2.5,3.0,6,24,6,long_only,0.65,0.35,1.0798414571295671,2.197819969185446,2.106364006837061,-0.1959485491971596,259,259,0,0.5637065637065637,0.00273431635062345,always_long,0.1311267246256831,0.334516035102583,0.948714732503884,1.8633039340828632,315,0.7137978142076503
0.6,2.0,1.5,12,48,2,long_only,0.63,0.37,0.9677820580982803,1.793896550112329,1.7983553465219408,-0.2404320517486261,257,257,0,0.6108949416342413,0.009228447054592621,always_long,-0.027007132285178037,-0.06625690686858048,0.9947891903834584,1.8601534569809095,301,0.86316029143898
0.0,2.5,3.0,6,24,3,long_only,0.6,0.4,1.4257671579842595,2.3447068170004313,2.410342931998295,-0.18935392141735882,295,295,0,0.5559322033898305,0.0018956721589002351,always_long,0.22002780189774995,0.48569503395005487,1.2057393560865095,1.8590117830503763,353,0.799408014571949
0.6,1.0,2.5,6,24,3,short_only,0.72,0.28,-0.06572982226296353,-0.23119635842198838,-0.22804468110647347,-0.24514337032920455,285,0,285,0.3824561403508772,-0.004522343141153183,always_short,-0.5608217427022728,-2.088847184724338,0.4950919204393093,1.8576508263023497,446,0.7464708561020036
0.0,1.0,2.5,6,24,6,long_only,0.76,0.24,1.2979510418885716,2.8414833759516736,2.505464943724807,-0.12201097657241226,254,254,0,0.484251968503937,-0.001228012489671037,always_long,0.41182157791349994,0.9846420281207665,0.8861294639750716,1.856841347830907,387,0.648224043715847
0.0,1.0,1.0,6,48,2,short_only,0.63,0.37,-0.09076507048674798,-0.30477487246416773,-0.3039689382576831,-0.3297093513835563,378,0,378,0.5026455026455027,0.0014799619381729997,always_short,-0.5737579321978478,-2.1580564186298568,0.4829928617110998,1.853281546165689,546,0.7515938069216758
0.0,2.0,2.0,6,24,6,long_only,0.6,0.4,0.7948670348219882,1.8030549568807743,1.7135668119522247,-0.18060694715837533,293,293,0,0.552901023890785,0.0021165197513833486,always_long,-0.017450874888487178,-0.04979212047522546,0.8123179097104753,1.8528470773559997,345,0.6856785063752276
0.0,2.0,2.0,12,24,2,short_only,0.72,0.28,-0.16664222889604807,-0.5392800986850369,-0.5336172019150239,-0.30931272760710965,258,0,258,0.4883720930232558,-0.0004825276286705917,always_short,-0.6400522022857205,-2.3917503286284107,0.4734099733896724,1.852470229943374,373,0.8303734061930783
0.6,2.0,2.5,12,48,6,long_only,0.76,0.24,0.7250375127254443,1.6520822786663987,1.5956783803250487,-0.1707712827863806,175,175,0,0.5314285714285715,0.0015405551000302227,always_long,-0.07518573985697385,-0.20008945123736424,0.8002232525824181,1.852171729903763,238,0.7839253187613844
0.6,1.0,1.0,6,24,3,long_only,0.58,0.42,0.6073400213470643,1.434296084487695,1.2730049043330336,-0.17591157278901154,429,429,0,0.5617715617715617,0.0031469043157288943,always_long,-0.15428133158599888,-0.4176340361614306,0.7616213529330632,1.8519301206491257,550,0.6872723132969034
0.0,1.5,1.0,6,72,3,short_only,0.76,0.24,-0.18658466918832717,-0.7207562855000287,-0.6385213844666809,-0.3436562593834438,257,0,257,0.5836575875486382,0.009799799999999966,always_short,-0.630439646576922,-2.5697714693171743,0.4438549773885948,1.8490151838171456,415,0.7641165755919854
0.0,1.5,2.0,6,72,6,long_only,0.63,0.37,1.7389877742175361,3.14589765977126,3.26031542311861,-0.14821823144960128,246,246,0,0.5528455284552846,0.019999999999999955,always_long,0.5745563651147114,1.2990839060577282,1.1644314091028247,1.8468137537135318,274,0.7511384335154827
0.3,1.0,1.0,6,72,6,long_only,0.76,0.24,0.21524865357281464,0.74772557329418,0.5630294404995007,-0.15194120069578565,274,274,0,0.5620437956204379,0.0047331833526145185,always_long,-0.3185645998575688,-1.0982216763018657,0.5338132534303834,1.8459472495960458,421,0.6172586520947176
0.6,2.0,2.5,12,24,2,short_only,0.65,0.35,-0.05575541370481896,-0.15884161229082835,-0.16783365535171949,-0.3381316213684761,277,0,277,0.4657039711191336,-0.0009426273631996463,always_short,-0.5639094218150884,-2.003355131997323,0.5081540081102695,1.8445135197064946,363,0.8349271402550091
0.0,1.0,1.0,6,72,2,short_only,0.72,0.28,-0.10218126285392704,-0.36975189438017014,-0.33218183511032284,-0.27866485495189597,312,0,312,0.5,-0.0004753652372685485,always_short,-0.5869485913702578,-2.2128916603821716,0.48476732851633075,1.8431397660020015,533,0.7575136612021858
0.6,1.5,1.5,12,48,2,long_only,0.76,0.24,0.8272421972448827,1.7436700755857772,1.582149437689179,-0.15665979772018807,229,229,0,0.6026200873362445,0.006822081685763218,always_long,-0.04123327311253455,-0.09880640976654965,0.8684754703574172,1.842476485352327,338,0.8463114754098361
0.0,2.0,1.0,6,24,6,long_only,0.76,0.24,0.17691204987734355,0.5544660547057836,0.4070301719233536,-0.173493097813119,263,263,0,0.6425855513307985,0.009999999999999952,always_long,-0.3635382360945385,-1.288003901360275,0.540450285971882,1.8424699560660587,393,0.64275956284153
0.0,2.0,1.0,12,48,6,long_only,0.76,0.24,0.4363647959744532,1.0734321951955232,0.8673260684087446,-0.1719846950775996,213,213,0,0.6901408450704225,0.009999999999999978,always_long,-0.25900254757655894,-0.7687047922463878,0.6953673435510122,1.842136987441911,297,0.7293943533697632
0.3,1.0,1.0,6,48,6,long_only,0.6,0.4,0.24957997452867997,0.7412866525880821,0.6204748260091107,-0.1784121233348089,345,345,0,0.5304347826086957,0.004331257150650377,always_long,-0.3187803962083431,-1.100627535420829,0.5683603707370231,1.8419141880089112,426,0.6127049180327869
0.0,1.0,1.0,6,72,2,short_only,0.76,0.24,-0.09895992644766993,-0.3718701423435935,-0.32834948954469617,-0.27695278882916585,293,0,293,0.49829351535836175,-0.0019063198681739234,always_short,-0.5869485913702578,-2.2128916603821716,0.48798866492258786,1.841021518038578,533,0.7575136612021858
0.6,2.5,2.5,6,24,6,long_only,0.58,0.42,0.6220782639653728,1.4386283446452302,1.3537658952072833,-0.17315277126765044,277,277,0,0.516245487364621,0.0010404185598908528,always_long,-0.13783751998049143,-0.4005279683347066,0.7599157839458642,1.8391563129799366,323,0.7057149362477231
0.6,2.5,3.0,6,24,3,long_only,0.63,0.37,0.7223800377407623,1.5346442216701925,1.5431310947715995,-0.2467698162945936,285,285,0,0.5228070175438596,0.0008349386924080197,always_long,-0.11173079491316706,-0.2980283677270634,0.8341108326539294,1.832672589397256,353,0.799408014571949
0.6,1.5,1.5,12,48,6,long_only,0.58,0.42,0.8865923780968845,1.7899953244480902,1.7138221174620658,-0.183085086129006,259,259,0,0.5675675675675675,0.008201425645064285,always_long,-0.015721777723578412,-0.04192592043694534,0.9023141558204629,1.8319212448850355,288,0.7383879781420765
0.0,1.0,2.0,6,48,6,long_only,0.65,0.35,1.7045945678942998,3.2771941815414514,3.3118435867417677,-0.15157993527655222,282,282,0,0.4716312056737589,-0.01049999999999993,always_long,0.6357858779607979,1.445532830080183,1.0688086899335019,1.8316613514612683,350,0.6819216757741348
0.0,2.0,1.5,12,24,6,long_only,0.72,0.28,0.35204782258512624,0.8428198056976618,0.6963980036065711,-0.17702422581638932,242,242,0,0.5661157024793388,0.0020645671509004447,always_long,-0.32813255522715645,-0.9885314602316078,0.6801803778122827,1.8313512659292694,333,0.6966074681238615
0.0,1.5,2.0,6,72,6,long_only,0.65,0.35,1.6803722301729103,3.129840303954944,3.248931929745584,-0.14821823144960128,241,241,0,0.5518672199170125,0.019999999999999952,always_long,0.5745563651147114,1.2990839060577282,1.1058158650581988,1.830756397897216,274,0.7511384335154827
0.3,2.5,2.0,6,24,6,long_only,0.6,0.4,0.9200881553021116,1.9857079346195643,1.8647105405584607,-0.21192772983035899,290,290,0,0.5517241379310345,0.002332481677019351,always_long,0.05767317184304099,0.1551938996709569,0.8624149834590706,1.8305140349486073,333,0.6966074681238615
0.3,1.5,1.0,12,72,6,long_only,0.76,0.24,0.27693898499497904,0.741253201764468,0.5991426821927404,-0.16539964770098803,215,215,0,0.6511627906976745,0.0064484522809032,always_long,-0.3443317706520903,-1.0884703783420422,0.6212707556470694,1.8297235801065102,313,0.7156193078324226
0.6,1.0,1.5,6,48,2,short_only,0.63,0.37,-0.08163041478872213,-0.27230081206904494,-0.2834347599052358,-0.24903316369820605,336,0,336,0.41369047619047616,-0.004522343141153107,always_short,-0.5509379605223426,-2.1013900392769043,0.46930754573362043,1.8290892272078594,473,0.7848360655737705
0.3,2.0,3.0,12,24,2,short_only,0.63,0.37,0.03119584234359185,0.0844461222964636,0.09377066238838515,-0.32948637260381747,278,0,278,0.49280575539568344,-0.00029211711953733207,always_short,-0.5085844560228396,-1.7412000793256848,0.5397802983664315,1.8256462016221484,356,0.8378870673952641
0.0,1.0,1.0,6,72,6,long_only,0.58,0.42,0.5848984998397992,1.521678201152926,1.337424743790407,-0.1560941311367203,348,348,0,0.5718390804597702,0.00999999999999995,always_long,-0.10372331353804576,-0.3036604693695966,0.688621813377845,1.8253386705225225,421,0.6172586520947176
0.6,1.0,2.0,6,72,6,long_only,0.6,0.4,1.2529865676479988,2.6053640957685342,2.5984710905553396,-0.1668665125703055,284,284,0,0.45422535211267606,-0.004524144869215374,always_long,0.3002913194604613,0.7810147271020579,0.9526952481875375,1.8243493686664762,326,0.7037795992714025
0.0,2.0,2.5,6,24,2,short_only,0.65,0.35,-0.199249047006693,-0.6430917598146905,-0.6663696456965065,-0.34384601921959657,292,0,292,0.4554794520547945,-0.0011201457182964598,always_short,-0.6413275383381569,-2.4634004503605818,0.44207849133146393,1.8203086905458914,397,0.8194444444444444
0.0,2.0,2.5,6,24,6,long_only,0.76,0.24,1.0102162674011779,2.2214915558580497,1.950217725746453,-0.1485750917487561,235,235,0,0.548936170212766,0.0017960326083151746,always_long,0.16147970446656856,0.40223320731224355,0.8487365629346093,1.819258348545806,332,0.6975182149362478
0.0,2.5,2.5,6,24,6,long_only,0.58,0.42,0.9120500554367683,1.899337517404746,1.8025293088284802,-0.18191154852662889,277,277,0,0.5487364620938628,0.001650638282437858,always_long,0.030989294355789232,0.08074977139200368,0.8810607610809791,1.8185877460127422,323,0.7057149362477231
0.0,1.0,1.0,6,72,2,short_only,0.65,0.35,-0.11360682440102199,-0.39637974583268687,-0.39200914571001,-0.33142564473232355,360,0,360,0.5055555555555555,0.006114605308660817,always_short,-0.5869485913702578,-2.2128916603821716,0.4733417669692358,1.8165119145494848,533,0.7575136612021858
0.3,2.0,2.5,12,48,6,long_only,0.6799999999999999,0.32,0.9667522276091711,1.9509082035682468,1.9541680808090318,-0.17100405743788824,198,198,0,0.5454545454545454,0.003530724786665551,always_long,0.05426422373493889,0.13462548479811254,0.9124880038742322,1.8162827187701343,238,0.7839253187613844
0.3,2.0,2.0,12,24,2,short_only,0.72,0.28,-0.20433029365612287,-0.6851705970215007,-0.6767995946297259,-0.3026263588660474,258,0,258,0.49612403100775193,-0.0001325638201427707,always_short,-0.6491343675545462,-2.4966983316651405,0.44480407389842336,1.8115277346436398,373,0.8303734061930783
0.0,1.0,2.0,6,48,6,long_only,0.63,0.37,1.7260553748826295,3.2570161610141146,3.3048191801824083,-0.14741029226895067,286,286,0,0.4755244755244755,-0.008219179255557811,always_long,0.6357858779607979,1.445532830080183,1.0902694969218316,1.8114833309339315,350,0.6819216757741348
0.6,2.5,2.5,6,48,3,long_only,0.76,0.24,0.9075350494809977,1.9855629675182984,1.9344262903298381,-0.21535443264685145,193,193,0,0.5854922279792746,0.008751341038290398,always_long,0.07319639332756811,0.1758817369648074,0.8343386561534296,1.809681230553491,256,0.8546220400728597
0.0,1.0,1.0,6,48,2,short_only,0.65,0.35,-0.10061592408845288,-0.3490814266831575,-0.34467852680785366,-0.31165410508759267,367,0,367,0.4986376021798365,-0.00019877421345676564,always_short,-0.5737579321978478,-2.1580564186298568,0.4731420081093949,1.8089749919466993,546,0.7515938069216758
0.6,1.5,1.5,6,24,2,long_only,0.58,0.42,0.9853359021778725,1.9017697137729335,1.8317311257050009,-0.1463850187863475,373,373,0,0.5656836461126006,0.003241677941832017,always_long,0.03791572486918149,0.09323017925807744,0.947420177308691,1.808539534514856,465,0.7884790528233151
0.0,2.0,2.0,12,24,2,short_only,0.63,0.37,-0.19527326430362735,-0.5837330036400762,-0.6091298619848144,-0.33729286042134105,291,0,291,0.4948453608247423,-0.00030378820277137525,always_short,-0.6400522022857205,-2.3917503286284107,0.4447789379820931,1.8080173249883345,373,0.8303734061930783
0.0,2.5,2.5,6,24,6,long_only,0.65,0.35,0.8686223997523914,1.8883213036296682,1.7895346882209353,-0.21389305436992717,265,265,0,0.5547169811320755,0.0021165197513833486,always_long,0.030989294355789232,0.08074977139200368,0.8376331053966022,1.8075715322376644,323,0.7057149362477231
0.6,2.5,2.5,12,24,2,short_only,0.63,0.37,-0.16702138041561498,-0.4991611643837472,-0.5349362950888393,-0.3050666498265269,275,0,275,0.48727272727272725,-0.0002891268512988951,always_short,-0.6156463676689549,-2.3056662239383883,0.4486249872533399,1.806505059554641,354,0.8390255009107468
0.3,1.0,1.0,6,72,6,long_only,0.58,0.42,0.2300895012104449,0.7052195075441928,0.6046352278022955,-0.16424858031453918,348,348,0,0.5431034482758621,0.0048538898295401745,always_long,-0.3185645998575688,-1.0982216763018657,0.5486541010680137,1.8034411838460587,421,0.6172586520947176
0.6,2.0,1.0,6,72,3,long_only,0.6,0.4,0.43405204733776626,1.0640260060021993,0.9664923962336148,-0.20909395266657557,317,317,0,0.6908517350157729,0.007411425272380229,always_long,-0.24523846495056767,-0.7387831133613229,0.6792905122883339,1.802809119363522,379,0.7846083788706739
0.3,2.5,3.0,6,24,6,long_only,0.58,0.42,0.893126006380851,1.9050638791625296,1.8649500910472028,-0.16236718270827868,270,270,0,0.5370370370370371,0.0018410128512580492,always_long,0.038349581919943754,0.10421961627139248,0.8547764244609073,1.8008442628911372,315,0.7137978142076503
0.6,1.0,2.5,6,24,6,long_only,0.76,0.24,0.7825727902404118,2.040905998347469,1.7605372867308184,-0.12812574699097132,254,254,0,0.468503937007874,-0.00275184586201408,always_long,0.08711601665319968,0.24324166882378445,0.6954567735872121,1.7976643295236847,387,0.648224043715847
0.3,1.0,1.0,6,72,3,short_only,0.72,0.28,-0.10019348870061007,-0.35747757082769216,-0.3060109386210558,-0.28280828118126433,302,0,302,0.5066225165562914,0.0007497338414948341,always_short,-0.5710056938250312,-2.1515034474889525,0.4708122051244211,1.7940258766612605,511,0.7094717668488161
0.0,1.5,3.0,6,24,3,short_only,0.72,0.28,-0.14967035323754563,-0.5308792109751443,-0.5217285282256665,-0.2847971652671502,262,0,262,0.42748091603053434,-0.0026198896267921826,always_short,-0.5884233676188049,-2.3217565251078893,0.43875301438125924,1.790877314132745,384,0.781648451730419
0.0,2.0,3.0,12,48,6,long_only,0.76,0.24,1.3026158215266124,2.4527680782564887,2.508623742279512,-0.17374624703750052,169,169,0,0.5562130177514792,0.0034574327939221636,always_long,0.3033481872293313,0.6643966725319053,0.999267634297281,1.7883714057245834,223,0.7975865209471766
0.3,2.5,3.0,6,24,3,long_only,0.76,0.24,0.6525154858298501,1.5343488321456975,1.389224457696456,-0.22931028883234347,240,240,0,0.525,0.0006633569555980189,always_long,-0.09568952182194024,-0.2526383799128337,0.7482050076517903,1.7869872120585313,353,0.799408014571949
0.3,2.0,1.5,12,72,6,short_only,0.63,0.37,-0.20578572970115772,-0.669270019634807,-0.6582573770077891,-0.3197014991117475,201,0,201,0.5223880597014925,0.007534781313810415,always_short,-0.6136146595451819,-2.4558203152539457,0.4078289298440242,1.7865502956191386,245,0.7775500910746812
0.6,1.0,3.0,6,24,3,short_only,0.72,0.28,-0.11447058667169663,-0.4045757481896027,-0.39695823099606414,-0.26520322247210837,281,0,281,0.3665480427046263,-0.0046070431411529816,always_short,-0.5832947703467485,-2.190882295742329,0.46882418367505185,1.7863065475527264,432,0.7544398907103825
0.0,1.5,3.0,6,24,3,long_only,0.58,0.42,1.5957401694898676,2.7070408603215985,2.8982141350309916,-0.12961612258161553,316,316,0,0.5253164556962026,0.0009643279583801698,always_long,0.4357447530996206,0.9246173494232743,1.159995416390247,1.7824235108983242,384,0.7817622950819673
0.0,1.0,2.0,6,72,6,long_only,0.58,0.42,1.4688503716338506,2.8355194849279166,2.89935757035597,-0.1574338179674298,291,291,0,0.43986254295532645,-0.010499999999999945,always_long,0.442320101705443,1.0543561390918252,1.0265302699284076,1.7811633458360914,326,0.7037795992714025
0.0,2.0,2.5,6,72,6,long_only,0.76,0.24,1.0879597408992936,2.3704678270482438,2.3875870031485706,-0.16129709914449242,169,169,0,0.5739644970414202,0.010470869396347742,always_long,0.24701796380082142,0.5893824126161661,0.8409417770984722,1.7810854144320776,224,0.7966757741347905
0.3,1.5,1.0,6,72,6,short_only,0.72,0.28,-0.15346082986236553,-0.6318418634448922,-0.5432296174042599,-0.30684448776937495,244,0,244,0.569672131147541,0.00555955628314413,always_short,-0.5452956915297722,-2.4122553052939066,0.39183486166740666,1.7804134418490145,374,0.660063752276867
0.6,1.5,2.5,12,24,6,long_only,0.58,0.42,1.1011995956279237,2.019579367936249,1.9657501166164486,-0.11050735226248931,280,280,0,0.5107142857142857,0.000577419252948239,always_long,0.10256907144317662,0.23968155552046508,0.9986305241847471,1.7798978124157838,324,0.7056010928961749
0.0,2.0,2.5,6,24,3,short_only,0.63,0.37,-0.019204754697884407,-0.055987543366856005,-0.05834450100997767,-0.3317640470165504,285,0,285,0.47017543859649125,-0.0007160465565097657,always_short,-0.5154622408305816,-1.8357425883297538,0.49625748613269716,1.7797550449628978,380,0.7840391621129326
0.6,2.0,2.5,12,24,2,short_only,0.76,0.24,-0.07216973303626095,-0.22531616902965124,-0.21792194973132986,-0.32051695875764097,239,0,239,0.47280334728033474,-0.0010869442256084857,always_short,-0.5639094218150884,-2.003355131997323,0.49173968877882746,1.7780389629676716,363,0.8349271402550091
0.3,2.0,2.5,6,24,3,long_only,0.58,0.42,0.9737814558071323,1.9121792618949778,1.940558959844698,-0.16121410244474987,311,311,0,0.5112540192926045,0.0005573367012545376,always_long,0.05317795862476338,0.13488389733314116,0.9206034971823689,1.7772953645618366,378,0.7851775956284153
0.0,2.5,1.5,12,72,6,long_only,0.76,0.24,0.665710956831405,1.5169464817855216,1.330629401671563,-0.23809549357092932,172,172,0,0.6686046511627907,0.014999999999999862,always_long,-0.0938570006550501,-0.25954920427211436,0.7595679574864551,1.776495686057636,231,0.7895036429872495
0.0,2.5,2.5,6,48,3,long_only,0.76,0.24,1.2655532049074227,2.451358276565115,2.4285241945920113,-0.19939166497686778,193,193,0,0.5854922279792746,0.009033973536478695,always_long,0.3200474669228075,0.6753123405728666,0.9455057379846152,1.7760459359922485,256,0.8546220400728597
0.6,2.0,1.0,6,72,3,long_only,0.58,0.42,0.4205963921663136,1.0357825982272448,0.9435680142724191,-0.20684459007851635,321,321,0,0.6915887850467289,0.007353515490578116,always_long,-0.24523846495056767,-0.7387831133613229,0.6658348571168813,1.7745657115885676,379,0.7846083788706739
