long_threshold,short_threshold,neutral_max,edge_margin,entry_atr_mult,sl_atr_mult,tp_atr_mult,min_hold,max_hold,cooldown,trade_direction,ret,sharpe,sortino,maxdd,n_trades,n_long,n_short,long_ratio,short_ratio,win_rate,median_net,baseline,baseline_ret,baseline_sharpe,skill_ret_delta,skill_sharpe_delta,baseline_trades,baseline_exposure
0.46,0.5,0.4,0.03,0.0,1.0,2.0,6,48,2,both,0.8805536008232981,2.440010502318945,1.9603181981629174,-0.15794898652767234,174,108,66,0.6206896551724138,0.3793103448275862,0.46551724137931033,-0.010499999999999912,always_long,1.9623964657517634,2.7800426852390894,-1.0818428649284653,-0.34003218292014425,420,0.8089708561020036
0.46,0.5,0.5,0.03,0.0,1.0,2.0,6,48,2,both,0.8805536008232981,2.440010502318945,1.9603181981629174,-0.15794898652767234,174,108,66,0.6206896551724138,0.3793103448275862,0.46551724137931033,-0.010499999999999912,always_long,1.9623964657517634,2.7800426852390894,-1.0818428649284653,-0.34003218292014425,420,0.8089708561020036
0.46,0.5,0.6,0.03,0.0,1.0,2.0,6,48,2,both,0.8805536008232981,2.440010502318945,1.9603181981629174,-0.15794898652767234,174,108,66,0.6206896551724138,0.3793103448275862,0.46551724137931033,-0.010499999999999912,always_long,1.9623964657517634,2.7800426852390894,-1.0818428649284653,-0.34003218292014425,420,0.8089708561020036
0.46,0.5,0.7,0.03,0.0,1.0,2.0,6,48,2,both,0.8805536008232981,2.440010502318945,1.9603181981629174,-0.15794898652767234,174,108,66,0.6206896551724138,0.3793103448275862,0.46551724137931033,-0.010499999999999912,always_long,1.9623964657517634,2.7800426852390894,-1.0818428649284653,-0.34003218292014425,420,0.8089708561020036
0.46,0.5,0.4,0.03,0.0,1.0,2.0,6,72,2,both,0.8463175987338813,2.349450700107975,1.9011080910374352,-0.13789680734678775,169,104,65,0.6153846153846154,0.38461538461538464,0.44970414201183434,-0.01049999999999995,always_long,1.642626226077132,2.497809118998148,-0.7963086273432507,-0.14835841889017276,393,0.8212659380692168
0.46,0.5,0.5,0.03,0.0,1.0,2.0,6,72,2,both,0.8463175987338813,2.349450700107975,1.9011080910374352,-0.13789680734678775,169,104,65,0.6153846153846154,0.38461538461538464,0.44970414201183434,-0.01049999999999995,always_long,1.642626226077132,2.497809118998148,-0.7963086273432507,-0.14835841889017276,393,0.8212659380692168
0.46,0.5,0.6,0.03,0.0,1.0,2.0,6,72,2,both,0.8463175987338813,2.349450700107975,1.9011080910374352,-0.13789680734678775,169,104,65,0.6153846153846154,0.38461538461538464,0.44970414201183434,-0.01049999999999995,always_long,1.642626226077132,2.497809118998148,-0.7963086273432507,-0.14835841889017276,393,0.8212659380692168
0.46,0.5,0.7,0.03,0.0,1.0,2.0,6,72,2,both,0.8463175987338813,2.349450700107975,1.9011080910374352,-0.13789680734678775,169,104,65,0.6153846153846154,0.38461538461538464,0.44970414201183434,-0.01049999999999995,always_long,1.642626226077132,2.497809118998148,-0.7963086273432507,-0.14835841889017276,393,0.8212659380692168
0.46,0.5,0.4,0.03,0.0,1.0,3.0,6,72,2,both,0.9221956708988848,2.313729713978469,2.068274628539185,-0.14797521322875942,151,93,58,0.6158940397350994,0.3841059602649007,0.36423841059602646,-0.010499999999999973,always_long,1.5765959925133703,2.376334905699152,-0.6544003216144856,-0.0626051917206829,311,0.8586065573770492
0.46,0.5,0.5,0.03,0.0,1.0,3.0,6,72,2,both,0.9221956708988848,2.313729713978469,2.068274628539185,-0.14797521322875942,151,93,58,0.6158940397350994,0.3841059602649007,0.36423841059602646,-0.010499999999999973,always_long,1.5765959925133703,2.376334905699152,-0.6544003216144856,-0.0626051917206829,311,0.8586065573770492
0.46,0.5,0.6,0.03,0.0,1.0,3.0,6,72,2,both,0.9221956708988848,2.313729713978469,2.068274628539185,-0.14797521322875942,151,93,58,0.6158940397350994,0.3841059602649007,0.36423841059602646,-0.010499999999999973,always_long,1.5765959925133703,2.376334905699152,-0.6544003216144856,-0.0626051917206829,311,0.8586065573770492
0.46,0.5,0.7,0.03,0.0,1.0,3.0,6,72,2,both,0.9221956708988848,2.313729713978469,2.068274628539185,-0.14797521322875942,151,93,58,0.6158940397350994,0.3841059602649007,0.36423841059602646,-0.010499999999999973,always_long,1.5765959925133703,2.376334905699152,-0.6544003216144856,-0.0626051917206829,311,0.8586065573770492
0.46,0.5,0.4,0.03,0.0,1.0,3.0,6,48,2,both,0.8863149559537769,2.2649621676860785,1.9888587949289822,-0.17818463010026395,157,98,59,0.6242038216560509,0.37579617834394907,0.39490445859872614,-0.010499999999999966,always_long,1.643993968109462,2.431258661095116,-0.7576790121556851,-0.16629649340903763,351,0.8403916211293261
0.46,0.5,0.5,0.03,0.0,1.0,3.0,6,48,2,both,0.8863149559537769,2.2649621676860785,1.9888587949289822,-0.17818463010026395,157,98,59,0.6242038216560509,0.37579617834394907,0.39490445859872614,-0.010499999999999966,always_long,1.643993968109462,2.431258661095116,-0.7576790121556851,-0.16629649340903763,351,0.8403916211293261
0.46,0.5,0.6,0.03,0.0,1.0,3.0,6,48,2,both,0.8863149559537769,2.2649621676860785,1.9888587949289822,-0.17818463010026395,157,98,59,0.6242038216560509,0.37579617834394907,0.39490445859872614,-0.010499999999999966,always_long,1.643993968109462,2.431258661095116,-0.7576790121556851,-0.16629649340903763,351,0.8403916211293261
0.46,0.5,0.7,0.03,0.0,1.0,3.0,6,48,2,both,0.8863149559537769,2.2649621676860785,1.9888587949289822,-0.17818463010026395,157,98,59,0.6242038216560509,0.37579617834394907,0.39490445859872614,-0.010499999999999966,always_long,1.643993968109462,2.431258661095116,-0.7576790121556851,-0.16629649340903763,351,0.8403916211293261
0.42,0.5,0.4,0.03,0.0,1.0,3.0,6,24,6,both,0.9027681183195619,2.216479123495081,1.7387258481549444,-0.17864106934004073,213,164,49,0.7699530516431925,0.2300469483568075,0.4413145539906103,-0.002278908889250644,always_long,0.6498036799809477,1.4014875967930567,0.25296443833861426,0.8149915267020242,378,0.6564207650273224
0.42,0.5,0.5,0.03,0.0,1.0,3.0,6,24,6,both,0.9027681183195619,2.216479123495081,1.7387258481549444,-0.17864106934004073,213,164,49,0.7699530516431925,0.2300469483568075,0.4413145539906103,-0.002278908889250644,always_long,0.6498036799809477,1.4014875967930567,0.25296443833861426,0.8149915267020242,378,0.6564207650273224
0.42,0.5,0.6,0.03,0.0,1.0,3.0,6,24,6,both,0.9027681183195619,2.216479123495081,1.7387258481549444,-0.17864106934004073,213,164,49,0.7699530516431925,0.2300469483568075,0.4413145539906103,-0.002278908889250644,always_long,0.6498036799809477,1.4014875967930567,0.25296443833861426,0.8149915267020242,378,0.6564207650273224
0.42,0.5,0.7,0.03,0.0,1.0,3.0,6,24,6,both,0.9027681183195619,2.216479123495081,1.7387258481549444,-0.17864106934004073,213,164,49,0.7699530516431925,0.2300469483568075,0.4413145539906103,-0.002278908889250644,always_long,0.6498036799809477,1.4014875967930567,0.25296443833861426,0.8149915267020242,378,0.6564207650273224
0.42,0.46,0.4,0.06,0.0,1.0,2.5,6,72,6,both,0.8718907189597989,2.1911592206942236,2.1132078647824066,-0.14132522005162668,200,109,91,0.545,0.455,0.405,-0.010499999999999982,always_long,0.5743496866303417,1.2866022939993602,0.29754103232945717,0.9045569266948634,299,0.7283697632058288
0.42,0.46,0.5,0.06,0.0,1.0,2.5,6,72,6,both,0.8718907189597989,2.1911592206942236,2.1132078647824066,-0.14132522005162668,200,109,91,0.545,0.455,0.405,-0.010499999999999982,always_long,0.5743496866303417,1.2866022939993602,0.29754103232945717,0.9045569266948634,299,0.7283697632058288
0.42,0.46,0.6,0.06,0.0,1.0,2.5,6,72,6,both,0.8718907189597989,2.1911592206942236,2.1132078647824066,-0.14132522005162668,200,109,91,0.545,0.455,0.405,-0.010499999999999982,always_long,0.5743496866303417,1.2866022939993602,0.29754103232945717,0.9045569266948634,299,0.7283697632058288
0.42,0.46,0.7,0.06,0.0,1.0,2.5,6,72,6,both,0.8718907189597989,2.1911592206942236,2.1132078647824066,-0.14132522005162668,200,109,91,0.545,0.455,0.405,-0.010499999999999982,always_long,0.5743496866303417,1.2866022939993602,0.29754103232945717,0.9045569266948634,299,0.7283697632058288
0.42,0.5,0.4,0.03,0.0,1.0,2.5,6,24,6,both,0.8415208901233671,2.1454753107921576,1.6349973585148092,-0.18659607265093178,218,167,51,0.7660550458715596,0.23394495412844038,0.44036697247706424,-0.0025436458811953317,always_long,0.41182157791349994,0.9846420281207665,0.4296993122098671,1.160833282671391,387,0.648224043715847
0.42,0.5,0.5,0.03,0.0,1.0,2.5,6,24,6,both,0.8415208901233671,2.1454753107921576,1.6349973585148092,-0.18659607265093178,218,167,51,0.7660550458715596,0.23394495412844038,0.44036697247706424,-0.0025436458811953317,always_long,0.41182157791349994,0.9846420281207665,0.4296993122098671,1.160833282671391,387,0.648224043715847
0.42,0.5,0.6,0.03,0.0,1.0,2.5,6,24,6,both,0.8415208901233671,2.1454753107921576,1.6349973585148092,-0.18659607265093178,218,167,51,0.7660550458715596,0.23394495412844038,0.44036697247706424,-0.0025436458811953317,always_long,0.41182157791349994,0.9846420281207665,0.4296993122098671,1.160833282671391,387,0.648224043715847
0.42,0.5,0.7,0.03,0.0,1.0,2.5,6,24,6,both,0.8415208901233671,2.1454753107921576,1.6349973585148092,-0.18659607265093178,218,167,51,0.7660550458715596,0.23394495412844038,0.44036697247706424,-0.0025436458811953317,always_long,0.41182157791349994,0.9846420281207665,0.4296993122098671,1.160833282671391,387,0.648224043715847
0.42,0.46,0.4,0.1,0.0,2.0,3.0,6,72,2,both,1.0331307025456251,2.138346032665449,2.230841945641196,-0.17351679355297436,154,76,78,0.4935064935064935,0.5064935064935064,0.525974025974026,0.004338162746362196,always_long,1.1610599197533586,1.8980755037538666,-0.12792921720773354,0.2402705289115823,224,0.898224043715847
0.42,0.46,0.5,0.1,0.0,2.0,3.0,6,72,2,both,1.0331307025456251,2.138346032665449,2.230841945641196,-0.17351679355297436,154,76,78,0.4935064935064935,0.5064935064935064,0.525974025974026,0.004338162746362196,always_long,1.1610599197533586,1.8980755037538666,-0.12792921720773354,0.2402705289115823,224,0.898224043715847
0.42,0.46,0.6,0.1,0.0,2.0,3.0,6,72,2,both,1.0331307025456251,2.138346032665449,2.230841945641196,-0.17351679355297436,154,76,78,0.4935064935064935,0.5064935064935064,0.525974025974026,0.004338162746362196,always_long,1.1610599197533586,1.8980755037538666,-0.12792921720773354,0.2402705289115823,224,0.898224043715847
0.42,0.46,0.7,0.1,0.0,2.0,3.0,6,72,2,both,1.0331307025456251,2.138346032665449,2.230841945641196,-0.17351679355297436,154,76,78,0.4935064935064935,0.5064935064935064,0.525974025974026,0.004338162746362196,always_long,1.1610599197533586,1.8980755037538666,-0.12792921720773354,0.2402705289115823,224,0.898224043715847
0.46,0.5,0.4,0.03,0.0,1.0,3.0,6,24,2,both,0.8020519415387728,2.1356787961426287,1.738110935812367,-0.19219628615487294,186,110,76,0.5913978494623656,0.40860215053763443,0.44086021505376344,-0.0017831756149633577,always_long,1.3435651215720386,2.1582461789235494,-0.5415131800332658,-0.02256738278092074,440,0.799863387978142
0.46,0.5,0.5,0.03,0.0,1.0,3.0,6,24,2,both,0.8020519415387728,2.1356787961426287,1.738110935812367,-0.19219628615487294,186,110,76,0.5913978494623656,0.40860215053763443,0.44086021505376344,-0.0017831756149633577,always_long,1.3435651215720386,2.1582461789235494,-0.5415131800332658,-0.02256738278092074,440,0.799863387978142
0.46,0.5,0.6,0.03,0.0,1.0,3.0,6,24,2,both,0.8020519415387728,2.1356787961426287,1.738110935812367,-0.19219628615487294,186,110,76,0.5913978494623656,0.40860215053763443,0.44086021505376344,-0.0017831756149633577,always_long,1.3435651215720386,2.1582461789235494,-0.5415131800332658,-0.02256738278092074,440,0.799863387978142
0.46,0.5,0.7,0.03,0.0,1.0,3.0,6,24,2,both,0.8020519415387728,2.1356787961426287,1.738110935812367,-0.19219628615487294,186,110,76,0.5913978494623656,0.40860215053763443,0.44086021505376344,-0.0017831756149633577,always_long,1.3435651215720386,2.1582461789235494,-0.5415131800332658,-0.02256738278092074,440,0.799863387978142
0.46,0.5,0.4,0.03,0.0,1.0,2.0,6,24,2,both,0.7191017798012538,2.1181605594492945,1.6199169855044246,-0.196864156057547,194,116,78,0.5979381443298969,0.4020618556701031,0.4639175257731959,-0.001083439854079422,always_long,1.5986184597991508,2.443024495936852,-0.8795166799978971,-0.3248639364875574,488,0.7780054644808743
0.46,0.5,0.5,0.03,0.0,1.0,2.0,6,24,2,both,0.7191017798012538,2.1181605594492945,1.6199169855044246,-0.196864156057547,194,116,78,0.5979381443298969,0.4020618556701031,0.4639175257731959,-0.001083439854079422,always_long,1.5986184597991508,2.443024495936852,-0.8795166799978971,-0.3248639364875574,488,0.7780054644808743
0.46,0.5,0.6,0.03,0.0,1.0,2.0,6,24,2,both,0.7191017798012538,2.1181605594492945,1.6199169855044246,-0.196864156057547,194,116,78,0.5979381443298969,0.4020618556701031,0.4639175257731959,-0.001083439854079422,always_long,1.5986184597991508,2.443024495936852,-0.8795166799978971,-0.3248639364875574,488,0.7780054644808743
0.46,0.5,0.7,0.03,0.0,1.0,2.0,6,24,2,both,0.7191017798012538,2.1181605594492945,1.6199169855044246,-0.196864156057547,194,116,78,0.5979381443298969,0.4020618556701031,0.4639175257731959,-0.001083439854079422,always_long,1.5986184597991508,2.443024495936852,-0.8795166799978971,-0.3248639364875574,488,0.7780054644808743
0.42,0.46,0.4,0.06,0.0,1.0,2.5,6,48,6,both,0.8185041991817688,2.1104628709490822,1.998967654868678,-0.11665716672140401,205,109,96,0.5317073170731708,0.4682926829268293,0.4097560975609756,-0.010499999999999975,always_long,0.7976304844291755,1.6559624172739404,0.020873714752593253,0.4545004536751418,325,0.7046903460837887
0.42,0.46,0.5,0.06,0.0,1.0,2.5,6,48,6,both,0.8185041991817688,2.1104628709490822,1.998967654868678,-0.11665716672140401,205,109,96,0.5317073170731708,0.4682926829268293,0.4097560975609756,-0.010499999999999975,always_long,0.7976304844291755,1.6559624172739404,0.020873714752593253,0.4545004536751418,325,0.7046903460837887
0.42,0.46,0.6,0.06,0.0,1.0,2.5,6,48,6,both,0.8185041991817688,2.1104628709490822,1.998967654868678,-0.11665716672140401,205,109,96,0.5317073170731708,0.4682926829268293,0.4097560975609756,-0.010499999999999975,always_long,0.7976304844291755,1.6559624172739404,0.020873714752593253,0.4545004536751418,325,0.7046903460837887
0.42,0.46,0.7,0.06,0.0,1.0,2.5,6,48,6,both,0.8185041991817688,2.1104628709490822,1.998967654868678,-0.11665716672140401,205,109,96,0.5317073170731708,0.4682926829268293,0.4097560975609756,-0.010499999999999975,always_long,0.7976304844291755,1.6559624172739404,0.020873714752593253,0.4545004536751418,325,0.7046903460837887
0.42,0.5,0.4,0.03,0.0,1.0,2.5,12,24,6,both,0.9743018560839678,2.082436508854144,1.607676930951054,-0.1839084603923157,201,153,48,0.7611940298507462,0.23880597014925373,0.46766169154228854,-0.0012121067176184843,always_long,0.997892271667193,1.6849679033526166,-0.023590415583225166,0.3974686055015275,338,0.6928506375227687
0.42,0.5,0.5,0.03,0.0,1.0,2.5,12,24,6,both,0.9743018560839678,2.082436508854144,1.607676930951054,-0.1839084603923157,201,153,48,0.7611940298507462,0.23880597014925373,0.46766169154228854,-0.0012121067176184843,always_long,0.997892271667193,1.6849679033526166,-0.023590415583225166,0.3974686055015275,338,0.6928506375227687
0.42,0.5,0.6,0.03,0.0,1.0,2.5,12,24,6,both,0.9743018560839678,2.082436508854144,1.607676930951054,-0.1839084603923157,201,153,48,0.7611940298507462,0.23880597014925373,0.46766169154228854,-0.0012121067176184843,always_long,0.997892271667193,1.6849679033526166,-0.023590415583225166,0.3974686055015275,338,0.6928506375227687
0.42,0.5,0.7,0.03,0.0,1.0,2.5,12,24,6,both,0.9743018560839678,2.082436508854144,1.607676930951054,-0.1839084603923157,201,153,48,0.7611940298507462,0.23880597014925373,0.46766169154228854,-0.0012121067176184843,always_long,0.997892271667193,1.6849679033526166,-0.023590415583225166,0.3974686055015275,338,0.6928506375227687
0.46,0.46,0.4,0.03,0.0,1.0,3.0,12,72,2,both,0.837392714283465,2.0801877528760517,2.1857857431515404,-0.15671520383384202,173,69,104,0.3988439306358382,0.6011560693641619,0.35260115606936415,-0.010500000000000056,always_long,1.921437900897509,2.447285469315436,-1.0840451866140441,-0.36709771643938405,276,0.8745446265938069
0.46,0.46,0.5,0.03,0.0,1.0,3.0,12,72,2,both,0.837392714283465,2.0801877528760517,2.1857857431515404,-0.15671520383384202,173,69,104,0.3988439306358382,0.6011560693641619,0.35260115606936415,-0.010500000000000056,always_long,1.921437900897509,2.447285469315436,-1.0840451866140441,-0.36709771643938405,276,0.8745446265938069
0.46,0.46,0.6,0.03,0.0,1.0,3.0,12,72,2,both,0.837392714283465,2.0801877528760517,2.1857857431515404,-0.15671520383384202,173,69,104,0.3988439306358382,0.6011560693641619,0.35260115606936415,-0.010500000000000056,always_long,1.921437900897509,2.447285469315436,-1.0840451866140441,-0.36709771643938405,276,0.8745446265938069
0.46,0.46,0.7,0.03,0.0,1.0,3.0,12,72,2,both,0.837392714283465,2.0801877528760517,2.1857857431515404,-0.15671520383384202,173,69,104,0.3988439306358382,0.6011560693641619,0.35260115606936415,-0.010500000000000056,always_long,1.921437900897509,2.447285469315436,-1.0840451866140441,-0.36709771643938405,276,0.8745446265938069
0.42,0.5,0.4,0.03,0.0,1.0,3.0,12,48,6,both,1.0002869887990848,2.0686786562153947,1.736773397889608,-0.13444906568846926,169,128,41,0.757396449704142,0.24260355029585798,0.40828402366863903,-0.01049999999999996,always_long,1.0379022792816048,1.713587850526083,-0.03761529048251999,0.3550908056893116,268,0.7566029143897997
0.42,0.5,0.5,0.03,0.0,1.0,3.0,12,48,6,both,1.0002869887990848,2.0686786562153947,1.736773397889608,-0.13444906568846926,169,128,41,0.757396449704142,0.24260355029585798,0.40828402366863903,-0.01049999999999996,always_long,1.0379022792816048,1.713587850526083,-0.03761529048251999,0.3550908056893116,268,0.7566029143897997
0.42,0.5,0.6,0.03,0.0,1.0,3.0,12,48,6,both,1.0002869887990848,2.0686786562153947,1.736773397889608,-0.13444906568846926,169,128,41,0.757396449704142,0.24260355029585798,0.40828402366863903,-0.01049999999999996,always_long,1.0379022792816048,1.713587850526083,-0.03761529048251999,0.3550908056893116,268,0.7566029143897997
0.42,0.5,0.7,0.03,0.0,1.0,3.0,12,48,6,both,1.0002869887990848,2.0686786562153947,1.736773397889608,-0.13444906568846926,169,128,41,0.757396449704142,0.24260355029585798,0.40828402366863903,-0.01049999999999996,always_long,1.0379022792816048,1.713587850526083,-0.03761529048251999,0.3550908056893116,268,0.7566029143897997
0.46,0.5,0.4,0.1,0.0,1.0,2.5,6,24,2,both,0.6949739714574596,2.061122235333354,1.556242323869278,-0.1830959197688083,173,83,90,0.4797687861271676,0.5202312138728323,0.4508670520231214,-0.0017101182924968918,always_long,1.6527629186745663,2.561749466903944,-0.9577889472171066,-0.50062723157059,455,0.7930327868852459
0.46,0.5,0.5,0.1,0.0,1.0,2.5,6,24,2,both,0.6949739714574596,2.061122235333354,1.556242323869278,-0.1830959197688083,173,83,90,0.4797687861271676,0.5202312138728323,0.4508670520231214,-0.0017101182924968918,always_long,1.6527629186745663,2.561749466903944,-0.9577889472171066,-0.50062723157059,455,0.7930327868852459
0.46,0.5,0.6,0.1,0.0,1.0,2.5,6,24,2,both,0.6949739714574596,2.061122235333354,1.556242323869278,-0.1830959197688083,173,83,90,0.4797687861271676,0.5202312138728323,0.4508670520231214,-0.0017101182924968918,always_long,1.6527629186745663,2.561749466903944,-0.9577889472171066,-0.50062723157059,455,0.7930327868852459
0.46,0.5,0.7,0.1,0.0,1.0,2.5,6,24,2,both,0.6949739714574596,2.061122235333354,1.556242323869278,-0.1830959197688083,173,83,90,0.4797687861271676,0.5202312138728323,0.4508670520231214,-0.0017101182924968918,always_long,1.6527629186745663,2.561749466903944,-0.9577889472171066,-0.50062723157059,455,0.7930327868852459
0.38,0.46,0.4,0.03,0.0,1.0,2.5,6,48,6,both,0.8927529846133162,2.059829272635322,2.080153644624679,-0.149015793786741,233,162,71,0.6952789699570815,0.30472103004291845,0.4291845493562232,-0.01049999999999996,always_long,0.7976304844291755,1.6559624172739404,0.0951225001841407,0.40386685536138156,325,0.7046903460837887
0.38,0.46,0.5,0.03,0.0,1.0,2.5,6,48,6,both,0.8927529846133162,2.059829272635322,2.080153644624679,-0.149015793786741,233,162,71,0.6952789699570815,0.30472103004291845,0.4291845493562232,-0.01049999999999996,always_long,0.7976304844291755,1.6559624172739404,0.0951225001841407,0.40386685536138156,325,0.7046903460837887
0.38,0.46,0.6,0.03,0.0,1.0,2.5,6,48,6,both,0.8927529846133162,2.059829272635322,2.080153644624679,-0.149015793786741,233,162,71,0.6952789699570815,0.30472103004291845,0.4291845493562232,-0.01049999999999996,always_long,0.7976304844291755,1.6559624172739404,0.0951225001841407,0.40386685536138156,325,0.7046903460837887
0.38,0.46,0.7,0.03,0.0,1.0,2.5,6,48,6,both,0.8927529846133162,2.059829272635322,2.080153644624679,-0.149015793786741,233,162,71,0.6952789699570815,0.30472103004291845,0.4291845493562232,-0.01049999999999996,always_long,0.7976304844291755,1.6559624172739404,0.0951225001841407,0.40386685536138156,325,0.7046903460837887
0.42,0.5,0.4,0.03,0.0,1.0,3.0,12,24,6,both,0.9468505312153392,2.0492191648304896,1.6201207328454288,-0.17592717252132603,200,151,49,0.755,0.245,0.455,-0.0014010347618005005,always_long,1.558440174345451,2.331118032431337,-0.6115896431301118,-0.2818988676008476,330,0.700136612021858
0.42,0.5,0.5,0.03,0.0,1.0,3.0,12,24,6,both,0.9468505312153392,2.0492191648304896,1.6201207328454288,-0.17592717252132603,200,151,49,0.755,0.245,0.455,-0.0014010347618005005,always_long,1.558440174345451,2.331118032431337,-0.6115896431301118,-0.2818988676008476,330,0.700136612021858
0.42,0.5,0.6,0.03,0.0,1.0,3.0,12,24,6,both,0.9468505312153392,2.0492191648304896,1.6201207328454288,-0.17592717252132603,200,151,49,0.755,0.245,0.455,-0.0014010347618005005,always_long,1.558440174345451,2.331118032431337,-0.6115896431301118,-0.2818988676008476,330,0.700136612021858
0.42,0.5,0.7,0.03,0.0,1.0,3.0,12,24,6,both,0.9468505312153392,2.0492191648304896,1.6201207328454288,-0.17592717252132603,200,151,49,0.755,0.245,0.455,-0.0014010347618005005,always_long,1.558440174345451,2.331118032431337,-0.6115896431301118,-0.2818988676008476,330,0.700136612021858
0.46,0.5,0.4,0.03,0.0,1.0,2.5,6,24,2,both,0.7244119429167231,2.0442803201682533,1.6330409656064913,-0.19451891216874387,187,110,77,0.5882352941176471,0.4117647058823529,0.45454545454545453,-0.0015072977109543365,always_long,1.6527629186745663,2.561749466903944,-0.9283509757578432,-0.5174691467356904,455,0.7930327868852459
0.46,0.5,0.5,0.03,0.0,1.0,2.5,6,24,2,both,0.7244119429167231,2.0442803201682533,1.6330409656064913,-0.19451891216874387,187,110,77,0.5882352941176471,0.4117647058823529,0.45454545454545453,-0.0015072977109543365,always_long,1.6527629186745663,2.561749466903944,-0.9283509757578432,-0.5174691467356904,455,0.7930327868852459
0.46,0.5,0.6,0.03,0.0,1.0,2.5,6,24,2,both,0.7244119429167231,2.0442803201682533,1.6330409656064913,-0.19451891216874387,187,110,77,0.5882352941176471,0.4117647058823529,0.45454545454545453,-0.0015072977109543365,always_long,1.6527629186745663,2.561749466903944,-0.9283509757578432,-0.5174691467356904,455,0.7930327868852459
0.46,0.5,0.7,0.03,0.0,1.0,2.5,6,24,2,both,0.7244119429167231,2.0442803201682533,1.6330409656064913,-0.19451891216874387,187,110,77,0.5882352941176471,0.4117647058823529,0.45454545454545453,-0.0015072977109543365,always_long,1.6527629186745663,2.561749466903944,-0.9283509757578432,-0.5174691467356904,455,0.7930327868852459
0.46,0.5,0.4,0.03,0.0,1.0,3.0,12,72,2,both,0.8025353694906769,2.030470823877331,1.7662137742409185,-0.19703689138892766,139,85,54,0.6115107913669064,0.38848920863309355,0.3669064748201439,-0.010499999999999978,always_long,1.921437900897509,2.447285469315436,-1.1189025314068322,-0.41681464543810476,276,0.8745446265938069
0.46,0.5,0.5,0.03,0.0,1.0,3.0,12,72,2,both,0.8025353694906769,2.030470823877331,1.7662137742409185,-0.19703689138892766,139,85,54,0.6115107913669064,0.38848920863309355,0.3669064748201439,-0.010499999999999978,always_long,1.921437900897509,2.447285469315436,-1.1189025314068322,-0.41681464543810476,276,0.8745446265938069
0.46,0.5,0.6,0.03,0.0,1.0,3.0,12,72,2,both,0.8025353694906769,2.030470823877331,1.7662137742409185,-0.19703689138892766,139,85,54,0.6115107913669064,0.38848920863309355,0.3669064748201439,-0.010499999999999978,always_long,1.921437900897509,2.447285469315436,-1.1189025314068322,-0.41681464543810476,276,0.8745446265938069
0.46,0.5,0.7,0.03,0.0,1.0,3.0,12,72,2,both,0.8025353694906769,2.030470823877331,1.7662137742409185,-0.19703689138892766,139,85,54,0.6115107913669064,0.38848920863309355,0.3669064748201439,-0.010499999999999978,always_long,1.921437900897509,2.447285469315436,-1.1189025314068322,-0.41681464543810476,276,0.8745446265938069
0.46,0.46,0.4,0.03,0.0,2.0,3.0,6,72,2,both,0.8749841019129978,2.0275402905424422,2.1514266569927694,-0.15983136757687028,140,59,81,0.42142857142857143,0.5785714285714286,0.5,-2.110327093589174e-05,always_long,1.1610599197533586,1.8980755037538666,-0.28607581784036085,0.12946478678857565,224,0.898224043715847
0.46,0.46,0.5,0.03,0.0,2.0,3.0,6,72,2,both,0.8749841019129978,2.0275402905424422,2.1514266569927694,-0.15983136757687028,140,59,81,0.42142857142857143,0.5785714285714286,0.5,-2.110327093589174e-05,always_long,1.1610599197533586,1.8980755037538666,-0.28607581784036085,0.12946478678857565,224,0.898224043715847
0.46,0.46,0.6,0.03,0.0,2.0,3.0,6,72,2,both,0.8749841019129978,2.0275402905424422,2.1514266569927694,-0.15983136757687028,140,59,81,0.42142857142857143,0.5785714285714286,0.5,-2.110327093589174e-05,always_long,1.1610599197533586,1.8980755037538666,-0.28607581784036085,0.12946478678857565,224,0.898224043715847
0.46,0.46,0.7,0.03,0.0,2.0,3.0,6,72,2,both,0.8749841019129978,2.0275402905424422,2.1514266569927694,-0.15983136757687028,140,59,81,0.42142857142857143,0.5785714285714286,0.5,-2.110327093589174e-05,always_long,1.1610599197533586,1.8980755037538666,-0.28607581784036085,0.12946478678857565,224,0.898224043715847
0.38,0.5,0.4,0.06,0.0,1.0,2.5,6,48,2,both,0.9520187081395066,2.0251536293997354,1.8995244063764365,-0.19349538580502967,248,194,54,0.782258064516129,0.21774193548387097,0.4112903225806452,-0.010499999999999957,always_long,1.72648878687939,2.588524002176996,-0.7744700787398833,-0.5633703727772605,377,0.828551912568306
0.38,0.5,0.5,0.06,0.0,1.0,2.5,6,48,2,both,0.9520187081395066,2.0251536293997354,1.8995244063764365,-0.19349538580502967,248,194,54,0.782258064516129,0.21774193548387097,0.4112903225806452,-0.010499999999999957,always_long,1.72648878687939,2.588524002176996,-0.7744700787398833,-0.5633703727772605,377,0.828551912568306
0.38,0.5,0.6,0.06,0.0,1.0,2.5,6,48,2,both,0.9520187081395066,2.0251536293997354,1.8995244063764365,-0.19349538580502967,248,194,54,0.782258064516129,0.21774193548387097,0.4112903225806452,-0.010499999999999957,always_long,1.72648878687939,2.588524002176996,-0.7744700787398833,-0.5633703727772605,377,0.828551912568306
0.38,0.5,0.7,0.06,0.0,1.0,2.5,6,48,2,both,0.9520187081395066,2.0251536293997354,1.8995244063764365,-0.19349538580502967,248,194,54,0.782258064516129,0.21774193548387097,0.4112903225806452,-0.010499999999999957,always_long,1.72648878687939,2.588524002176996,-0.7744700787398833,-0.5633703727772605,377,0.828551912568306
0.46,0.5,0.4,0.06,0.0,1.0,2.0,6,48,2,both,0.6784976861606096,2.0217017150315506,1.6012110098470993,-0.15794898652767234,173,103,70,0.5953757225433526,0.4046242774566474,0.4508670520231214,-0.010499999999999945,always_long,1.9623964657517634,2.7800426852390894,-1.2838987795911538,-0.7583409702075388,420,0.8089708561020036
0.46,0.5,0.5,0.06,0.0,1.0,2.0,6,48,2,both,0.6784976861606096,2.0217017150315506,1.6012110098470993,-0.15794898652767234,173,103,70,0.5953757225433526,0.4046242774566474,0.4508670520231214,-0.010499999999999945,always_long,1.9623964657517634,2.7800426852390894,-1.2838987795911538,-0.7583409702075388,420,0.8089708561020036
0.46,0.5,0.6,0.06,0.0,1.0,2.0,6,48,2,both,0.6784976861606096,2.0217017150315506,1.6012110098470993,-0.15794898652767234,173,103,70,0.5953757225433526,0.4046242774566474,0.4508670520231214,-0.010499999999999945,always_long,1.9623964657517634,2.7800426852390894,-1.2838987795911538,-0.7583409702075388,420,0.8089708561020036
0.46,0.5,0.7,0.06,0.0,1.0,2.0,6,48,2,both,0.6784976861606096,2.0217017150315506,1.6012110098470993,-0.15794898652767234,173,103,70,0.5953757225433526,0.4046242774566474,0.4508670520231214,-0.010499999999999945,always_long,1.9623964657517634,2.7800426852390894,-1.2838987795911538,-0.7583409702075388,420,0.8089708561020036
0.46,0.5,0.4,0.06,0.0,1.0,2.5,6,24,2,both,0.7042582961998025,2.0157744439996557,1.587296255111731,-0.19451891216874387,188,107,81,0.5691489361702128,0.4308510638297872,0.44680851063829785,-0.0016893265164016173,always_long,1.6527629186745663,2.561749466903944,-0.9485046224747637,-0.5459750229042881,455,0.7930327868852459
0.46,0.5,0.5,0.06,0.0,1.0,2.5,6,24,2,both,0.7042582961998025,2.0157744439996557,1.587296255111731,-0.19451891216874387,188,107,81,0.5691489361702128,0.4308510638297872,0.44680851063829785,-0.0016893265164016173,always_long,1.6527629186745663,2.561749466903944,-0.9485046224747637,-0.5459750229042881,455,0.7930327868852459
0.46,0.5,0.6,0.06,0.0,1.0,2.5,6,24,2,both,0.7042582961998025,2.0157744439996557,1.587296255111731,-0.19451891216874387,188,107,81,0.5691489361702128,0.4308510638297872,0.44680851063829785,-0.0016893265164016173,always_long,1.6527629186745663,2.561749466903944,-0.9485046224747637,-0.5459750229042881,455,0.7930327868852459
0.46,0.5,0.7,0.06,0.0,1.0,2.5,6,24,2,both,0.7042582961998025,2.0157744439996557,1.587296255111731,-0.19451891216874387,188,107,81,0.5691489361702128,0.4308510638297872,0.44680851063829785,-0.0016893265164016173,always_long,1.6527629186745663,2.561749466903944,-0.9485046224747637,-0.5459750229042881,455,0.7930327868852459
0.5,0.5,0.4,0.1,0.0,1.0,2.5,6,24,6,both,0.5045005098028852,2.0120172446777347,1.3753615894774012,-0.11027661327091746,127,47,80,0.3700787401574803,0.6299212598425197,0.44881889763779526,-0.0013746932032118165,always_long,0.41182157791349994,0.9846420281207665,0.09267893188938525,1.027375216556968,387,0.648224043715847
0.5,0.5,0.5,0.1,0.0,1.0,2.5,6,24,6,both,0.5045005098028852,2.0120172446777347,1.3753615894774012,-0.11027661327091746,127,47,80,0.3700787401574803,0.6299212598425197,0.44881889763779526,-0.0013746932032118165,always_long,0.41182157791349994,0.9846420281207665,0.09267893188938525,1.027375216556968,387,0.648224043715847
0.5,0.5,0.6,0.1,0.0,1.0,2.5,6,24,6,both,0.5045005098028852,2.0120172446777347,1.3753615894774012,-0.11027661327091746,127,47,80,0.3700787401574803,0.6299212598425197,0.44881889763779526,-0.0013746932032118165,always_long,0.41182157791349994,0.9846420281207665,0.09267893188938525,1.027375216556968,387,0.648224043715847
0.5,0.5,0.7,0.1,0.0,1.0,2.5,6,24,6,both,0.5045005098028852,2.0120172446777347,1.3753615894774012,-0.11027661327091746,127,47,80,0.3700787401574803,0.6299212598425197,0.44881889763779526,-0.0013746932032118165,always_long,0.41182157791349994,0.9846420281207665,0.09267893188938525,1.027375216556968,387,0.648224043715847
0.46,0.42,0.4,0.1,0.0,1.0,2.5,6,24,2,both,0.7981873695599,1.998871344455907,1.9000719947227471,-0.1172972225925215,256,67,189,0.26171875,0.73828125,0.4609375,-0.0017253461282276529,always_long,1.6527629186745663,2.561749466903944,-0.8545755491146663,-0.5628781224480368,455,0.7930327868852459
0.46,0.42,0.5,0.1,0.0,1.0,2.5,6,24,2,both,0.7981873695599,1.998871344455907,1.9000719947227471,-0.1172972225925215,256,67,189,0.26171875,0.73828125,0.4609375,-0.0017253461282276529,always_long,1.6527629186745663,2.561749466903944,-0.8545755491146663,-0.5628781224480368,455,0.7930327868852459
0.46,0.42,0.6,0.1,0.0,1.0,2.5,6,24,2,both,0.7981873695599,1.998871344455907,1.9000719947227471,-0.1172972225925215,256,67,189,0.26171875,0.73828125,0.4609375,-0.0017253461282276529,always_long,1.6527629186745663,2.561749466903944,-0.8545755491146663,-0.5628781224480368,455,0.7930327868852459
0.46,0.42,0.7,0.1,0.0,1.0,2.5,6,24,2,both,0.7981873695599,1.998871344455907,1.9000719947227471,-0.1172972225925215,256,67,189,0.26171875,0.73828125,0.4609375,-0.0017253461282276529,always_long,1.6527629186745663,2.561749466903944,-0.8545755491146663,-0.5628781224480368,455,0.7930327868852459
0.42,0.5,0.4,0.06,0.0,1.0,2.5,6,48,2,both,0.8819572247031671,1.988011292453587,1.7704183397374067,-0.1464724901678982,216,161,55,0.7453703703703703,0.25462962962962965,0.4074074074074074,-0.010499999999999959,always_long,1.72648878687939,2.588524002176996,-0.8445315621762228,-0.6005127097234089,377,0.828551912568306
0.42,0.5,0.5,0.06,0.0,1.0,2.5,6,48,2,both,0.8819572247031671,1.988011292453587,1.7704183397374067,-0.1464724901678982,216,161,55,0.7453703703703703,0.25462962962962965,0.4074074074074074,-0.010499999999999959,always_long,1.72648878687939,2.588524002176996,-0.8445315621762228,-0.6005127097234089,377,0.828551912568306
0.42,0.5,0.6,0.06,0.0,1.0,2.5,6,48,2,both,0.8819572247031671,1.988011292453587,1.7704183397374067,-0.1464724901678982,216,161,55,0.7453703703703703,0.25462962962962965,0.4074074074074074,-0.010499999999999959,always_long,1.72648878687939,2.588524002176996,-0.8445315621762228,-0.6005127097234089,377,0.828551912568306
0.42,0.5,0.7,0.06,0.0,1.0,2.5,6,48,2,both,0.8819572247031671,1.988011292453587,1.7704183397374067,-0.1464724901678982,216,161,55,0.7453703703703703,0.25462962962962965,0.4074074074074074,-0.010499999999999959,always_long,1.72648878687939,2.588524002176996,-0.8445315621762228,-0.6005127097234089,377,0.828551912568306
0.38,0.46,0.4,0.03,0.3,2.0,2.5,6,48,2,both,1.02513363452789,1.9840583559534293,2.1869954202187256,-0.2376758627854344,218,154,64,0.7064220183486238,0.29357798165137616,0.536697247706422,0.001440128374878594,always_long,0.918295781200112,1.6113446829412335,0.10683785332777807,0.3727136730121958,280,0.8727231329690346
0.38,0.46,0.5,0.03,0.3,2.0,2.5,6,48,2,both,1.02513363452789,1.9840583559534293,2.1869954202187256,-0.2376758627854344,218,154,64,0.7064220183486238,0.29357798165137616,0.536697247706422,0.001440128374878594,always_long,0.918295781200112,1.6113446829412335,0.10683785332777807,0.3727136730121958,280,0.8727231329690346
0.38,0.46,0.6,0.03,0.3,2.0,2.5,6,48,2,both,1.02513363452789,1.9840583559534293,2.1869954202187256,-0.2376758627854344,218,154,64,0.7064220183486238,0.29357798165137616,0.536697247706422,0.001440128374878594,always_long,0.918295781200112,1.6113446829412335,0.10683785332777807,0.3727136730121958,280,0.8727231329690346
0.38,0.46,0.7,0.03,0.3,2.0,2.5,6,48,2,both,1.02513363452789,1.9840583559534293,2.1869954202187256,-0.2376758627854344,218,154,64,0.7064220183486238,0.29357798165137616,0.536697247706422,0.001440128374878594,always_long,0.918295781200112,1.6113446829412335,0.10683785332777807,0.3727136730121958,280,0.8727231329690346
0.5,0.5,0.4,0.1,0.0,1.0,2.0,6,48,2,both,0.5394808010599206,1.9677679035749043,1.3606011590656315,-0.12399293567736454,132,48,84,0.36363636363636365,0.6363636363636364,0.45454545454545453,-0.010499999999999947,always_long,1.9623964657517634,2.7800426852390894,-1.4229156646918428,-0.8122747816641851,420,0.8089708561020036
0.5,0.5,0.5,0.1,0.0,1.0,2.0,6,48,2,both,0.5394808010599206,1.9677679035749043,1.3606011590656315,-0.12399293567736454,132,48,84,0.36363636363636365,0.6363636363636364,0.45454545454545453,-0.010499999999999947,always_long,1.9623964657517634,2.7800426852390894,-1.4229156646918428,-0.8122747816641851,420,0.8089708561020036
0.5,0.5,0.6,0.1,0.0,1.0,2.0,6,48,2,both,0.5394808010599206,1.9677679035749043,1.3606011590656315,-0.12399293567736454,132,48,84,0.36363636363636365,0.6363636363636364,0.45454545454545453,-0.010499999999999947,always_long,1.9623964657517634,2.7800426852390894,-1.4229156646918428,-0.8122747816641851,420,0.8089708561020036
0.5,0.5,0.7,0.1,0.0,1.0,2.0,6,48,2,both,0.5394808010599206,1.9677679035749043,1.3606011590656315,-0.12399293567736454,132,48,84,0.36363636363636365,0.6363636363636364,0.45454545454545453,-0.010499999999999947,always_long,1.9623964657517634,2.7800426852390894,-1.4229156646918428,-0.8122747816641851,420,0.8089708561020036
0.42,0.5,0.4,0.1,0.0,2.0,2.5,6,72,6,both,0.7471390562519931,1.9663275116972878,1.7375575660535258,-0.11587611310393242,127,85,42,0.6692913385826772,0.33070866141732286,0.5511811023622047,0.009701809297157322,always_long,0.24701796380082142,0.5893824126161661,0.5001210924511716,1.3769450990811216,224,0.7966757741347905
0.42,0.5,0.5,0.1,0.0,2.0,2.5,6,72,6,both,0.7471390562519931,1.9663275116972878,1.7375575660535258,-0.11587611310393242,127,85,42,0.6692913385826772,0.33070866141732286,0.5511811023622047,0.009701809297157322,always_long,0.24701796380082142,0.5893824126161661,0.5001210924511716,1.3769450990811216,224,0.7966757741347905
0.42,0.5,0.6,0.1,0.0,2.0,2.5,6,72,6,both,0.7471390562519931,1.9663275116972878,1.7375575660535258,-0.11587611310393242,127,85,42,0.6692913385826772,0.33070866141732286,0.5511811023622047,0.009701809297157322,always_long,0.24701796380082142,0.5893824126161661,0.5001210924511716,1.3769450990811216,224,0.7966757741347905
0.42,0.5,0.7,0.1,0.0,2.0,2.5,6,72,6,both,0.7471390562519931,1.9663275116972878,1.7375575660535258,-0.11587611310393242,127,85,42,0.6692913385826772,0.33070866141732286,0.5511811023622047,0.009701809297157322,always_long,0.24701796380082142,0.5893824126161661,0.5001210924511716,1.3769450990811216,224,0.7966757741347905
0.5,0.5,0.4,0.1,0.0,1.0,2.5,6,48,2,both,0.5664323931213919,1.9649681138349675,1.4571012403076649,-0.11946058491120021,128,46,82,0.359375,0.640625,0.4140625,-0.010499999999999978,always_long,1.72648878687939,2.588524002176996,-1.160056393757998,-0.6235558883420285,377,0.828551912568306
0.5,0.5,0.5,0.1,0.0,1.0,2.5,6,48,2,both,0.5664323931213919,1.9649681138349675,1.4571012403076649,-0.11946058491120021,128,46,82,0.359375,0.640625,0.4140625,-0.010499999999999978,always_long,1.72648878687939,2.588524002176996,-1.160056393757998,-0.6235558883420285,377,0.828551912568306
0.5,0.5,0.6,0.1,0.0,1.0,2.5,6,48,2,both,0.5664323931213919,1.9649681138349675,1.4571012403076649,-0.11946058491120021,128,46,82,0.359375,0.640625,0.4140625,-0.010499999999999978,always_long,1.72648878687939,2.588524002176996,-1.160056393757998,-0.6235558883420285,377,0.828551912568306
0.5,0.5,0.7,0.1,0.0,1.0,2.5,6,48,2,both,0.5664323931213919,1.9649681138349675,1.4571012403076649,-0.11946058491120021,128,46,82,0.359375,0.640625,0.4140625,-0.010499999999999978,always_long,1.72648878687939,2.588524002176996,-1.160056393757998,-0.6235558883420285,377,0.828551912568306
0.42,0.5,0.4,0.03,0.0,1.0,3.0,6,48,6,both,0.8203855202929211,1.9637209762994527,1.6877883711454773,-0.13097112116674967,185,136,49,0.7351351351351352,0.2648648648648649,0.3837837837837838,-0.010499999999999983,always_long,1.0859128108719505,1.9869085701040794,-0.26552729057902935,-0.02318759380462665,304,0.723816029143898
0.42,0.5,0.5,0.03,0.0,1.0,3.0,6,48,6,both,0.8203855202929211,1.9637209762994527,1.6877883711454773,-0.13097112116674967,185,136,49,0.7351351351351352,0.2648648648648649,0.3837837837837838,-0.010499999999999983,always_long,1.0859128108719505,1.9869085701040794,-0.26552729057902935,-0.02318759380462665,304,0.723816029143898
0.42,0.5,0.6,0.03,0.0,1.0,3.0,6,48,6,both,0.8203855202929211,1.9637209762994527,1.6877883711454773,-0.13097112116674967,185,136,49,0.7351351351351352,0.2648648648648649,0.3837837837837838,-0.010499999999999983,always_long,1.0859128108719505,1.9869085701040794,-0.26552729057902935,-0.02318759380462665,304,0.723816029143898
0.42,0.5,0.7,0.03,0.0,1.0,3.0,6,48,6,both,0.8203855202929211,1.9637209762994527,1.6877883711454773,-0.13097112116674967,185,136,49,0.7351351351351352,0.2648648648648649,0.3837837837837838,-0.010499999999999983,always_long,1.0859128108719505,1.9869085701040794,-0.26552729057902935,-0.02318759380462665,304,0.723816029143898
0.5,0.5,0.4,0.1,0.0,1.0,2.0,6,72,2,both,0.5360168876866487,1.9597169195181363,1.3876454368091926,-0.1239929356773646,127,47,80,0.3700787401574803,0.6299212598425197,0.4645669291338583,-0.010499999999999966,always_long,1.642626226077132,2.497809118998148,-1.1066093383904834,-0.5380921994800116,393,0.8212659380692168
0.5,0.5,0.5,0.1,0.0,1.0,2.0,6,72,2,both,0.5360168876866487,1.9597169195181363,1.3876454368091926,-0.1239929356773646,127,47,80,0.3700787401574803,0.6299212598425197,0.4645669291338583,-0.010499999999999966,always_long,1.642626226077132,2.497809118998148,-1.1066093383904834,-0.5380921994800116,393,0.8212659380692168
0.5,0.5,0.6,0.1,0.0,1.0,2.0,6,72,2,both,0.5360168876866487,1.9597169195181363,1.3876454368091926,-0.1239929356773646,127,47,80,0.3700787401574803,0.6299212598425197,0.4645669291338583,-0.010499999999999966,always_long,1.642626226077132,2.497809118998148,-1.1066093383904834,-0.5380921994800116,393,0.8212659380692168
0.5,0.5,0.7,0.1,0.0,1.0,2.0,6,72,2,both,0.5360168876866487,1.9597169195181363,1.3876454368091926,-0.1239929356773646,127,47,80,0.3700787401574803,0.6299212598425197,0.4645669291338583,-0.010499999999999966,always_long,1.642626226077132,2.497809118998148,-1.1066093383904834,-0.5380921994800116,393,0.8212659380692168
0.46,0.5,0.4,0.03,0.0,1.0,2.5,6,48,2,both,0.7119587470633182,1.954301004190632,1.6709057512503864,-0.1664238268414554,163,100,63,0.6134969325153374,0.38650306748466257,0.4171779141104294,-0.010499999999999959,always_long,1.72648878687939,2.588524002176996,-1.0145300398160717,-0.6342229979863641,377,0.828551912568306
0.46,0.5,0.5,0.03,0.0,1.0,2.5,6,48,2,both,0.7119587470633182,1.954301004190632,1.6709057512503864,-0.1664238268414554,163,100,63,0.6134969325153374,0.38650306748466257,0.4171779141104294,-0.010499999999999959,always_long,1.72648878687939,2.588524002176996,-1.0145300398160717,-0.6342229979863641,377,0.828551912568306
0.46,0.5,0.6,0.03,0.0,1.0,2.5,6,48,2,both,0.7119587470633182,1.954301004190632,1.6709057512503864,-0.1664238268414554,163,100,63,0.6134969325153374,0.38650306748466257,0.4171779141104294,-0.010499999999999959,always_long,1.72648878687939,2.588524002176996,-1.0145300398160717,-0.6342229979863641,377,0.828551912568306
0.46,0.5,0.7,0.03,0.0,1.0,2.5,6,48,2,both,0.7119587470633182,1.954301004190632,1.6709057512503864,-0.1664238268414554,163,100,63,0.6134969325153374,0.38650306748466257,0.4171779141104294,-0.010499999999999959,always_long,1.72648878687939,2.588524002176996,-1.0145300398160717,-0.6342229979863641,377,0.828551912568306
0.5,0.5,0.4,0.1,0.0,1.0,2.0,6,24,2,both,0.5192204590202882,1.9446729276399342,1.296021750280137,-0.14444721282629655,142,52,90,0.36619718309859156,0.6338028169014085,0.47183098591549294,-0.0004684798699597686,always_long,1.5986184597991508,2.443024495936852,-1.0793980007788626,-0.49835156829691774,488,0.7780054644808743
0.5,0.5,0.5,0.1,0.0,1.0,2.0,6,24,2,both,0.5192204590202882,1.9446729276399342,1.296021750280137,-0.14444721282629655,142,52,90,0.36619718309859156,0.6338028169014085,0.47183098591549294,-0.0004684798699597686,always_long,1.5986184597991508,2.443024495936852,-1.0793980007788626,-0.49835156829691774,488,0.7780054644808743
0.5,0.5,0.6,0.1,0.0,1.0,2.0,6,24,2,both,0.5192204590202882,1.9446729276399342,1.296021750280137,-0.14444721282629655,142,52,90,0.36619718309859156,0.6338028169014085,0.47183098591549294,-0.0004684798699597686,always_long,1.5986184597991508,2.443024495936852,-1.0793980007788626,-0.49835156829691774,488,0.7780054644808743
0.5,0.5,0.7,0.1,0.0,1.0,2.0,6,24,2,both,0.5192204590202882,1.9446729276399342,1.296021750280137,-0.14444721282629655,142,52,90,0.36619718309859156,0.6338028169014085,0.47183098591549294,-0.0004684798699597686,always_long,1.5986184597991508,2.443024495936852,-1.0793980007788626,-0.49835156829691774,488,0.7780054644808743
0.46,0.46,0.4,0.1,0.0,1.0,2.5,6,24,2,both,0.7122131223971364,1.9396631043589974,1.718859092386118,-0.17908620014494814,220,74,146,0.33636363636363636,0.6636363636363637,0.44545454545454544,-0.0032932230441411648,always_long,1.6527629186745663,2.561749466903944,-0.9405497962774299,-0.6220863625449464,455,0.7930327868852459
0.46,0.46,0.5,0.1,0.0,1.0,2.5,6,24,2,both,0.7122131223971364,1.9396631043589974,1.718859092386118,-0.17908620014494814,220,74,146,0.33636363636363636,0.6636363636363637,0.44545454545454544,-0.0032932230441411648,always_long,1.6527629186745663,2.561749466903944,-0.9405497962774299,-0.6220863625449464,455,0.7930327868852459
0.46,0.46,0.6,0.1,0.0,1.0,2.5,6,24,2,both,0.7122131223971364,1.9396631043589974,1.718859092386118,-0.17908620014494814,220,74,146,0.33636363636363636,0.6636363636363637,0.44545454545454544,-0.0032932230441411648,always_long,1.6527629186745663,2.561749466903944,-0.9405497962774299,-0.6220863625449464,455,0.7930327868852459
0.46,0.46,0.7,0.1,0.0,1.0,2.5,6,24,2,both,0.7122131223971364,1.9396631043589974,1.718859092386118,-0.17908620014494814,220,74,146,0.33636363636363636,0.6636363636363637,0.44545454545454544,-0.0032932230441411648,always_long,1.6527629186745663,2.561749466903944,-0.9405497962774299,-0.6220863625449464,455,0.7930327868852459
0.38,0.46,0.4,0.03,0.0,2.0,2.5,6,48,2,both,1.0128345835799109,1.9380040106253966,2.1323482920246866,-0.21152833839155608,218,154,64,0.7064220183486238,0.29357798165137616,0.5321100917431193,0.0021899814303576086,always_long,1.2029982827806416,1.9316972766407547,-0.19016369920073073,0.006306733984641877,280,0.8727231329690346
0.38,0.46,0.5,0.03,0.0,2.0,2.5,6,48,2,both,1.0128345835799109,1.9380040106253966,2.1323482920246866,-0.21152833839155608,218,154,64,0.7064220183486238,0.29357798165137616,0.5321100917431193,0.0021899814303576086,always_long,1.2029982827806416,1.9316972766407547,-0.19016369920073073,0.006306733984641877,280,0.8727231329690346
0.38,0.46,0.6,0.03,0.0,2.0,2.5,6,48,2,both,1.0128345835799109,1.9380040106253966,2.1323482920246866,-0.21152833839155608,218,154,64,0.7064220183486238,0.29357798165137616,0.5321100917431193,0.0021899814303576086,always_long,1.2029982827806416,1.9316972766407547,-0.19016369920073073,0.006306733984641877,280,0.8727231329690346
0.38,0.46,0.7,0.03,0.0,2.0,2.5,6,48,2,both,1.0128345835799109,1.9380040106253966,2.1323482920246866,-0.21152833839155608,218,154,64,0.7064220183486238,0.29357798165137616,0.5321100917431193,0.0021899814303576086,always_long,1.2029982827806416,1.9316972766407547,-0.19016369920073073,0.006306733984641877,280,0.8727231329690346
0.46,0.5,0.4,0.06,0.0,1.0,2.0,6,72,2,both,0.6479401682758119,1.9335394436105446,1.542866813660658,-0.13789680734678775,168,99,69,0.5892857142857143,0.4107142857142857,0.43452380952380953,-0.01049999999999996,always_long,1.642626226077132,2.497809118998148,-0.9946860578013201,-0.5642696753876033,393,0.8212659380692168
0.46,0.5,0.5,0.06,0.0,1.0,2.0,6,72,2,both,0.6479401682758119,1.9335394436105446,1.542866813660658,-0.13789680734678775,168,99,69,0.5892857142857143,0.4107142857142857,0.43452380952380953,-0.01049999999999996,always_long,1.642626226077132,2.497809118998148,-0.9946860578013201,-0.5642696753876033,393,0.8212659380692168
0.46,0.5,0.6,0.06,0.0,1.0,2.0,6,72,2,both,0.6479401682758119,1.9335394436105446,1.542866813660658,-0.13789680734678775,168,99,69,0.5892857142857143,0.4107142857142857,0.43452380952380953,-0.01049999999999996,always_long,1.642626226077132,2.497809118998148,-0.9946860578013201,-0.5642696753876033,393,0.8212659380692168
0.46,0.5,0.7,0.06,0.0,1.0,2.0,6,72,2,both,0.6479401682758119,1.9335394436105446,1.542866813660658,-0.13789680734678775,168,99,69,0.5892857142857143,0.4107142857142857,0.43452380952380953,-0.01049999999999996,always_long,1.642626226077132,2.497809118998148,-0.9946860578013201,-0.5642696753876033,393,0.8212659380692168
0.42,0.46,0.4,0.03,0.0,1.0,3.0,12,48,2,both,0.9982942367550003,1.9322495731322635,1.954737642919183,-0.12178097035350907,212,125,87,0.589622641509434,0.41037735849056606,0.3915094339622642,-0.010499999999999966,always_long,1.6371140599114953,2.2243635841592257,-0.638819823156495,-0.2921140110269622,304,0.8617941712204007
0.42,0.46,0.5,0.03,0.0,1.0,3.0,12,48,2,both,0.9982942367550003,1.9322495731322635,1.954737642919183,-0.12178097035350907,212,125,87,0.589622641509434,0.41037735849056606,0.3915094339622642,-0.010499999999999966,always_long,1.6371140599114953,2.2243635841592257,-0.638819823156495,-0.2921140110269622,304,0.8617941712204007
0.42,0.46,0.6,0.03,0.0,1.0,3.0,12,48,2,both,0.9982942367550003,1.9322495731322635,1.954737642919183,-0.12178097035350907,212,125,87,0.589622641509434,0.41037735849056606,0.3915094339622642,-0.010499999999999966,always_long,1.6371140599114953,2.2243635841592257,-0.638819823156495,-0.2921140110269622,304,0.8617941712204007
0.42,0.46,0.7,0.03,0.0,1.0,3.0,12,48,2,both,0.9982942367550003,1.9322495731322635,1.954737642919183,-0.12178097035350907,212,125,87,0.589622641509434,0.41037735849056606,0.3915094339622642,-0.010499999999999966,always_long,1.6371140599114953,2.2243635841592257,-0.638819823156495,-0.2921140110269622,304,0.8617941712204007
0.42,0.46,0.4,0.06,0.0,1.0,2.5,6,24,6,both,0.7083158770444737,1.930468059761484,1.6835263503831066,-0.155027820325943,240,134,106,0.5583333333333333,0.44166666666666665,0.4375,-0.0028312504110042927,always_long,0.41182157791349994,0.9846420281207665,0.2964942991309738,0.9458260316407175,387,0.648224043715847
0.42,0.46,0.5,0.06,0.0,1.0,2.5,6,24,6,both,0.7083158770444737,1.930468059761484,1.6835263503831066,-0.155027820325943,240,134,106,0.5583333333333333,0.44166666666666665,0.4375,-0.0028312504110042927,always_long,0.41182157791349994,0.9846420281207665,0.2964942991309738,0.9458260316407175,387,0.648224043715847
0.42,0.46,0.6,0.06,0.0,1.0,2.5,6,24,6,both,0.7083158770444737,1.930468059761484,1.6835263503831066,-0.155027820325943,240,134,106,0.5583333333333333,0.44166666666666665,0.4375,-0.0028312504110042927,always_long,0.41182157791349994,0.9846420281207665,0.2964942991309738,0.9458260316407175,387,0.648224043715847
0.42,0.46,0.7,0.06,0.0,1.0,2.5,6,24,6,both,0.7083158770444737,1.930468059761484,1.6835263503831066,-0.155027820325943,240,134,106,0.5583333333333333,0.44166666666666665,0.4375,-0.0028312504110042927,always_long,0.41182157791349994,0.9846420281207665,0.2964942991309738,0.9458260316407175,387,0.648224043715847
0.46,0.5,0.4,0.03,0.3,1.0,3.0,6,72,2,both,0.7013071544126543,1.9298281646023465,1.702162927654369,-0.14247607247259078,151,93,58,0.6158940397350994,0.3841059602649007,0.36423841059602646,-0.007521063189568725,always_long,1.2798841880294365,2.0986416562510186,-0.5785770336167821,-0.1688134916486721,311,0.8586065573770492
0.46,0.5,0.5,0.03,0.3,1.0,3.0,6,72,2,both,0.7013071544126543,1.9298281646023465,1.702162927654369,-0.14247607247259078,151,93,58,0.6158940397350994,0.3841059602649007,0.36423841059602646,-0.007521063189568725,always_long,1.2798841880294365,2.0986416562510186,-0.5785770336167821,-0.1688134916486721,311,0.8586065573770492
0.46,0.5,0.6,0.03,0.3,1.0,3.0,6,72,2,both,0.7013071544126543,1.9298281646023465,1.702162927654369,-0.14247607247259078,151,93,58,0.6158940397350994,0.3841059602649007,0.36423841059602646,-0.007521063189568725,always_long,1.2798841880294365,2.0986416562510186,-0.5785770336167821,-0.1688134916486721,311,0.8586065573770492
0.46,0.5,0.7,0.03,0.3,1.0,3.0,6,72,2,both,0.7013071544126543,1.9298281646023465,1.702162927654369,-0.14247607247259078,151,93,58,0.6158940397350994,0.3841059602649007,0.36423841059602646,-0.007521063189568725,always_long,1.2798841880294365,2.0986416562510186,-0.5785770336167821,-0.1688134916486721,311,0.8586065573770492
0.46,0.5,0.4,0.06,0.0,1.0,2.5,12,24,2,both,0.7351136594817738,1.9258113191843367,1.5648989479820101,-0.19562780385580977,169,99,70,0.5857988165680473,0.41420118343195267,0.47337278106508873,-0.0004884303895102199,always_long,1.50104233391361,2.1187956926090576,-0.7659286744318363,-0.19298437342472097,398,0.8189890710382514
0.46,0.5,0.5,0.06,0.0,1.0,2.5,12,24,2,both,0.7351136594817738,1.9258113191843367,1.5648989479820101,-0.19562780385580977,169,99,70,0.5857988165680473,0.41420118343195267,0.47337278106508873,-0.0004884303895102199,always_long,1.50104233391361,2.1187956926090576,-0.7659286744318363,-0.19298437342472097,398,0.8189890710382514
0.46,0.5,0.6,0.06,0.0,1.0,2.5,12,24,2,both,0.7351136594817738,1.9258113191843367,1.5648989479820101,-0.19562780385580977,169,99,70,0.5857988165680473,0.41420118343195267,0.47337278106508873,-0.0004884303895102199,always_long,1.50104233391361,2.1187956926090576,-0.7659286744318363,-0.19298437342472097,398,0.8189890710382514
0.46,0.5,0.7,0.06,0.0,1.0,2.5,12,24,2,both,0.7351136594817738,1.9258113191843367,1.5648989479820101,-0.19562780385580977,169,99,70,0.5857988165680473,0.41420118343195267,0.47337278106508873,-0.0004884303895102199,always_long,1.50104233391361,2.1187956926090576,-0.7659286744318363,-0.19298437342472097,398,0.8189890710382514
0.38,0.46,0.4,0.03,0.3,2.0,2.5,6,72,2,both,0.983850792169674,1.9254452135175373,2.0911873569218273,-0.12959939300275491,193,135,58,0.6994818652849741,0.3005181347150259,0.5181347150259067,0.003834573071053078,always_long,0.8735005515147682,1.584094232052975,0.11035024065490573,0.34135098146456233,241,0.8904826958105647
0.38,0.46,0.5,0.03,0.3,2.0,2.5,6,72,2,both,0.983850792169674,1.9254452135175373,2.0911873569218273,-0.12959939300275491,193,135,58,0.6994818652849741,0.3005181347150259,0.5181347150259067,0.003834573071053078,always_long,0.8735005515147682,1.584094232052975,0.11035024065490573,0.34135098146456233,241,0.8904826958105647
0.38,0.46,0.6,0.03,0.3,2.0,2.5,6,72,2,both,0.983850792169674,1.9254452135175373,2.0911873569218273,-0.12959939300275491,193,135,58,0.6994818652849741,0.3005181347150259,0.5181347150259067,0.003834573071053078,always_long,0.8735005515147682,1.584094232052975,0.11035024065490573,0.34135098146456233,241,0.8904826958105647
0.38,0.46,0.7,0.03,0.3,2.0,2.5,6,72,2,both,0.983850792169674,1.9254452135175373,2.0911873569218273,-0.12959939300275491,193,135,58,0.6994818652849741,0.3005181347150259,0.5181347150259067,0.003834573071053078,always_long,0.8735005515147682,1.584094232052975,0.11035024065490573,0.34135098146456233,241,0.8904826958105647
0.42,0.46,0.4,0.1,0.0,2.0,2.5,6,72,2,both,0.8486631593394689,1.921406052386668,1.9243040169703352,-0.1735663439922258,160,78,82,0.4875,0.5125,0.54375,0.00733982053993556,always_long,0.9971647180369625,1.734733857349525,-0.1485015586974936,0.18667219503714305,241,0.8904826958105647
0.42,0.46,0.5,0.1,0.0,2.0,2.5,6,72,2,both,0.8486631593394689,1.921406052386668,1.9243040169703352,-0.1735663439922258,160,78,82,0.4875,0.5125,0.54375,0.00733982053993556,always_long,0.9971647180369625,1.734733857349525,-0.1485015586974936,0.18667219503714305,241,0.8904826958105647
0.42,0.46,0.6,0.1,0.0,2.0,2.5,6,72,2,both,0.8486631593394689,1.921406052386668,1.9243040169703352,-0.1735663439922258,160,78,82,0.4875,0.5125,0.54375,0.00733982053993556,always_long,0.9971647180369625,1.734733857349525,-0.1485015586974936,0.18667219503714305,241,0.8904826958105647
0.42,0.46,0.7,0.1,0.0,2.0,2.5,6,72,2,both,0.8486631593394689,1.921406052386668,1.9243040169703352,-0.1735663439922258,160,78,82,0.4875,0.5125,0.54375,0.00733982053993556,always_long,0.9971647180369625,1.734733857349525,-0.1485015586974936,0.18667219503714305,241,0.8904826958105647
0.46,0.5,0.4,0.03,0.3,1.0,2.0,6,72,2,both,0.6254560325063032,1.9139756281023428,1.5314735656249412,-0.12177383220736662,169,104,65,0.6153846153846154,0.38461538461538464,0.44970414201183434,-0.007521063189568645,always_long,1.1036207478970823,1.9536498473092954,-0.4781647153907791,-0.03967421920695258,393,0.8212659380692168
0.46,0.5,0.5,0.03,0.3,1.0,2.0,6,72,2,both,0.6254560325063032,1.9139756281023428,1.5314735656249412,-0.12177383220736662,169,104,65,0.6153846153846154,0.38461538461538464,0.44970414201183434,-0.007521063189568645,always_long,1.1036207478970823,1.9536498473092954,-0.4781647153907791,-0.03967421920695258,393,0.8212659380692168
0.46,0.5,0.6,0.03,0.3,1.0,2.0,6,72,2,both,0.6254560325063032,1.9139756281023428,1.5314735656249412,-0.12177383220736662,169,104,65,0.6153846153846154,0.38461538461538464,0.44970414201183434,-0.007521063189568645,always_long,1.1036207478970823,1.9536498473092954,-0.4781647153907791,-0.03967421920695258,393,0.8212659380692168
0.46,0.5,0.7,0.03,0.3,1.0,2.0,6,72,2,both,0.6254560325063032,1.9139756281023428,1.5314735656249412,-0.12177383220736662,169,104,65,0.6153846153846154,0.38461538461538464,0.44970414201183434,-0.007521063189568645,always_long,1.1036207478970823,1.9536498473092954,-0.4781647153907791,-0.03967421920695258,393,0.8212659380692168
0.46,0.5,0.4,0.1,0.0,1.0,1.5,6,72,2,both,0.6012255401194264,1.9103631224247781,1.3431959273834266,-0.122440156984124,167,82,85,0.49101796407185627,0.5089820359281437,0.5089820359281437,0.0036533778235483595,always_long,0.7303475033791285,1.3746173100992094,-0.12912196325970204,0.5357458123255687,450,0.7953096539162113
0.46,0.5,0.5,0.1,0.0,1.0,1.5,6,72,2,both,0.6012255401194264,1.9103631224247781,1.3431959273834266,-0.122440156984124,167,82,85,0.49101796407185627,0.5089820359281437,0.5089820359281437,0.0036533778235483595,always_long,0.7303475033791285,1.3746173100992094,-0.12912196325970204,0.5357458123255687,450,0.7953096539162113
0.46,0.5,0.6,0.1,0.0,1.0,1.5,6,72,2,both,0.6012255401194264,1.9103631224247781,1.3431959273834266,-0.122440156984124,167,82,85,0.49101796407185627,0.5089820359281437,0.5089820359281437,0.0036533778235483595,always_long,0.7303475033791285,1.3746173100992094,-0.12912196325970204,0.5357458123255687,450,0.7953096539162113
0.46,0.5,0.7,0.1,0.0,1.0,1.5,6,72,2,both,0.6012255401194264,1.9103631224247781,1.3431959273834266,-0.122440156984124,167,82,85,0.49101796407185627,0.5089820359281437,0.5089820359281437,0.0036533778235483595,always_long,0.7303475033791285,1.3746173100992094,-0.12912196325970204,0.5357458123255687,450,0.7953096539162113
0.38,0.46,0.4,0.06,0.0,1.0,2.5,6,24,6,both,0.7468887369832589,1.9092641476272214,1.7125789736101305,-0.15014958435074383,264,172,92,0.6515151515151515,0.3484848484848485,0.4431818181818182,-0.0037291892761306873,always_long,0.41182157791349994,0.9846420281207665,0.3350671590697589,0.9246221195064549,387,0.648224043715847
0.38,0.46,0.5,0.06,0.0,1.0,2.5,6,24,6,both,0.7468887369832589,1.9092641476272214,1.7125789736101305,-0.15014958435074383,264,172,92,0.6515151515151515,0.3484848484848485,0.4431818181818182,-0.0037291892761306873,always_long,0.41182157791349994,0.9846420281207665,0.3350671590697589,0.9246221195064549,387,0.648224043715847
0.38,0.46,0.6,0.06,0.0,1.0,2.5,6,24,6,both,0.7468887369832589,1.9092641476272214,1.7125789736101305,-0.15014958435074383,264,172,92,0.6515151515151515,0.3484848484848485,0.4431818181818182,-0.0037291892761306873,always_long,0.41182157791349994,0.9846420281207665,0.3350671590697589,0.9246221195064549,387,0.648224043715847
0.38,0.46,0.7,0.06,0.0,1.0,2.5,6,24,6,both,0.7468887369832589,1.9092641476272214,1.7125789736101305,-0.15014958435074383,264,172,92,0.6515151515151515,0.3484848484848485,0.4431818181818182,-0.0037291892761306873,always_long,0.41182157791349994,0.9846420281207665,0.3350671590697589,0.9246221195064549,387,0.648224043715847
0.46,0.5,0.4,0.03,0.0,1.0,2.5,6,72,6,both,0.6251675199726225,1.9079845559583537,1.473860979798124,-0.11091704683561876,134,82,52,0.6119402985074627,0.3880597014925373,0.39552238805970147,-0.010499999999999975,always_long,0.5743496866303417,1.2866022939993602,0.05081783334228085,0.6213822619589935,299,0.7283697632058288
0.46,0.5,0.5,0.03,0.0,1.0,2.5,6,72,6,both,0.6251675199726225,1.9079845559583537,1.473860979798124,-0.11091704683561876,134,82,52,0.6119402985074627,0.3880597014925373,0.39552238805970147,-0.010499999999999975,always_long,0.5743496866303417,1.2866022939993602,0.05081783334228085,0.6213822619589935,299,0.7283697632058288
0.46,0.5,0.6,0.03,0.0,1.0,2.5,6,72,6,both,0.6251675199726225,1.9079845559583537,1.473860979798124,-0.11091704683561876,134,82,52,0.6119402985074627,0.3880597014925373,0.39552238805970147,-0.010499999999999975,always_long,0.5743496866303417,1.2866022939993602,0.05081783334228085,0.6213822619589935,299,0.7283697632058288
0.46,0.5,0.7,0.03,0.0,1.0,2.5,6,72,6,both,0.6251675199726225,1.9079845559583537,1.473860979798124,-0.11091704683561876,134,82,52,0.6119402985074627,0.3880597014925373,0.39552238805970147,-0.010499999999999975,always_long,0.5743496866303417,1.2866022939993602,0.05081783334228085,0.6213822619589935,299,0.7283697632058288
0.38,0.38,0.5,0.03,0.0,1.5,2.5,12,48,2,both,1.1521751443351205,1.9078692258593262,2.1687083040484954,-0.21780137129438526,246,123,123,0.5,0.5,0.5,7.84745281453429e-05,always_long,0.7577418698625076,1.3054499578701728,0.3944332744726129,0.6024192679891534,292,0.8672586520947176
0.38,0.38,0.6,0.03,0.0,1.5,2.5,12,48,2,both,1.1521751443351205,1.9078692258593262,2.1687083040484954,-0.21780137129438526,246,123,123,0.5,0.5,0.5,7.84745281453429e-05,always_long,0.7577418698625076,1.3054499578701728,0.3944332744726129,0.6024192679891534,292,0.8672586520947176
0.38,0.38,0.7,0.03,0.0,1.5,2.5,12,48,2,both,1.1521751443351205,1.9078692258593262,2.1687083040484954,-0.21780137129438526,246,123,123,0.5,0.5,0.5,7.84745281453429e-05,always_long,0.7577418698625076,1.3054499578701728,0.3944332744726129,0.6024192679891534,292,0.8672586520947176
0.46,0.5,0.4,0.03,0.3,1.0,2.0,6,48,2,both,0.6133035427725535,1.905418890122318,1.5146021770265785,-0.15888991081558212,174,108,66,0.6206896551724138,0.3793103448275862,0.47126436781609193,-0.007521063189568633,always_long,1.375113639390237,2.2637900211938096,-0.7618100966176835,-0.35837113107149166,420,0.8089708561020036
0.46,0.5,0.5,0.03,0.3,1.0,2.0,6,48,2,both,0.6133035427725535,1.905418890122318,1.5146021770265785,-0.15888991081558212,174,108,66,0.6206896551724138,0.3793103448275862,0.47126436781609193,-0.007521063189568633,always_long,1.375113639390237,2.2637900211938096,-0.7618100966176835,-0.35837113107149166,420,0.8089708561020036
0.46,0.5,0.6,0.03,0.3,1.0,2.0,6,48,2,both,0.6133035427725535,1.905418890122318,1.5146021770265785,-0.15888991081558212,174,108,66,0.6206896551724138,0.3793103448275862,0.47126436781609193,-0.007521063189568633,always_long,1.375113639390237,2.2637900211938096,-0.7618100966176835,-0.35837113107149166,420,0.8089708561020036
0.46,0.5,0.7,0.03,0.3,1.0,2.0,6,48,2,both,0.6133035427725535,1.905418890122318,1.5146021770265785,-0.15888991081558212,174,108,66,0.6206896551724138,0.3793103448275862,0.47126436781609193,-0.007521063189568633,always_long,1.375113639390237,2.2637900211938096,-0.7618100966176835,-0.35837113107149166,420,0.8089708561020036
0.46,0.5,0.4,0.03,0.0,1.0,3.0,12,48,2,both,0.7253293905884453,1.9051757599382795,1.6233293705422098,-0.22551280329661547,144,88,56,0.6111111111111112,0.3888888888888889,0.4027777777777778,-0.010499999999999968,always_long,1.6371140599114953,2.2243635841592257,-0.91178466932305,-0.31918782422094627,304,0.8617941712204007
0.46,0.5,0.5,0.03,0.0,1.0,3.0,12,48,2,both,0.7253293905884453,1.9051757599382795,1.6233293705422098,-0.22551280329661547,144,88,56,0.6111111111111112,0.3888888888888889,0.4027777777777778,-0.010499999999999968,always_long,1.6371140599114953,2.2243635841592257,-0.91178466932305,-0.31918782422094627,304,0.8617941712204007
0.46,0.5,0.6,0.03,0.0,1.0,3.0,12,48,2,both,0.7253293905884453,1.9051757599382795,1.6233293705422098,-0.22551280329661547,144,88,56,0.6111111111111112,0.3888888888888889,0.4027777777777778,-0.010499999999999968,always_long,1.6371140599114953,2.2243635841592257,-0.91178466932305,-0.31918782422094627,304,0.8617941712204007
0.46,0.5,0.7,0.03,0.0,1.0,3.0,12,48,2,both,0.7253293905884453,1.9051757599382795,1.6233293705422098,-0.22551280329661547,144,88,56,0.6111111111111112,0.3888888888888889,0.4027777777777778,-0.010499999999999968,always_long,1.6371140599114953,2.2243635841592257,-0.91178466932305,-0.31918782422094627,304,0.8617941712204007
0.42,0.5,0.4,0.03,0.3,1.0,3.0,6,24,6,both,0.7172442324116499,1.9017994833606386,1.4953196969041271,-0.1508056712981029,213,164,49,0.7699530516431925,0.2300469483568075,0.45539906103286387,-0.0037908478985512277,always_long,0.415221134456111,0.9916986691119866,0.30202309795553894,0.9101008142486521,378,0.6564207650273224
0.42,0.5,0.5,0.03,0.3,1.0,3.0,6,24,6,both,0.7172442324116499,1.9017994833606386,1.4953196969041271,-0.1508056712981029,213,164,49,0.7699530516431925,0.2300469483568075,0.45539906103286387,-0.0037908478985512277,always_long,0.415221134456111,0.9916986691119866,0.30202309795553894,0.9101008142486521,378,0.6564207650273224
0.42,0.5,0.6,0.03,0.3,1.0,3.0,6,24,6,both,0.7172442324116499,1.9017994833606386,1.4953196969041271,-0.1508056712981029,213,164,49,0.7699530516431925,0.2300469483568075,0.45539906103286387,-0.0037908478985512277,always_long,0.415221134456111,0.9916986691119866,0.30202309795553894,0.9101008142486521,378,0.6564207650273224
0.42,0.5,0.7,0.03,0.3,1.0,3.0,6,24,6,both,0.7172442324116499,1.9017994833606386,1.4953196969041271,-0.1508056712981029,213,164,49,0.7699530516431925,0.2300469483568075,0.45539906103286387,-0.0037908478985512277,always_long,0.415221134456111,0.9916986691119866,0.30202309795553894,0.9101008142486521,378,0.6564207650273224
0.42,0.5,0.4,0.03,0.0,1.0,3.0,12,72,6,both,0.9117659865045751,1.899799939997172,1.6380399714708607,-0.15689313756142936,161,123,38,0.7639751552795031,0.2360248447204969,0.38509316770186336,-0.010499999999999976,always_long,0.7139414132471702,1.3276473422666897,0.19782457325740488,0.5721525977304822,238,0.7839253187613844
0.42,0.5,0.5,0.03,0.0,1.0,3.0,12,72,6,both,0.9117659865045751,1.899799939997172,1.6380399714708607,-0.15689313756142936,161,123,38,0.7639751552795031,0.2360248447204969,0.38509316770186336,-0.010499999999999976,always_long,0.7139414132471702,1.3276473422666897,0.19782457325740488,0.5721525977304822,238,0.7839253187613844
0.42,0.5,0.6,0.03,0.0,1.0,3.0,12,72,6,both,0.9117659865045751,1.899799939997172,1.6380399714708607,-0.15689313756142936,161,123,38,0.7639751552795031,0.2360248447204969,0.38509316770186336,-0.010499999999999976,always_long,0.7139414132471702,1.3276473422666897,0.19782457325740488,0.5721525977304822,238,0.7839253187613844
0.42,0.5,0.7,0.03,0.0,1.0,3.0,12,72,6,both,0.9117659865045751,1.899799939997172,1.6380399714708607,-0.15689313756142936,161,123,38,0.7639751552795031,0.2360248447204969,0.38509316770186336,-0.010499999999999976,always_long,0.7139414132471702,1.3276473422666897,0.19782457325740488,0.5721525977304822,238,0.7839253187613844
0.42,0.42,0.4,0.03,0.0,1.0,3.0,12,48,2,both,1.0818792835467477,1.8995471669319628,2.000283853003115,-0.12268678105690167,228,106,122,0.4649122807017544,0.5350877192982456,0.39473684210526316,-0.010499999999999987,always_long,1.6371140599114953,2.2243635841592257,-0.5552347763647476,-0.32481641722726295,304,0.8617941712204007
0.42,0.42,0.5,0.03,0.0,1.0,3.0,12,48,2,both,1.0818792835467477,1.8995471669319628,2.000283853003115,-0.12268678105690167,228,106,122,0.4649122807017544,0.5350877192982456,0.39473684210526316,-0.010499999999999987,always_long,1.6371140599114953,2.2243635841592257,-0.5552347763647476,-0.32481641722726295,304,0.8617941712204007
0.42,0.42,0.6,0.03,0.0,1.0,3.0,12,48,2,both,1.0818792835467477,1.8995471669319628,2.000283853003115,-0.12268678105690167,228,106,122,0.4649122807017544,0.5350877192982456,0.39473684210526316,-0.010499999999999987,always_long,1.6371140599114953,2.2243635841592257,-0.5552347763647476,-0.32481641722726295,304,0.8617941712204007
0.42,0.42,0.7,0.03,0.0,1.0,3.0,12,48,2,both,1.0818792835467477,1.8995471669319628,2.000283853003115,-0.12268678105690167,228,106,122,0.4649122807017544,0.5350877192982456,0.39473684210526316,-0.010499999999999987,always_long,1.6371140599114953,2.2243635841592257,-0.5552347763647476,-0.32481641722726295,304,0.8617941712204007
0.42,0.46,0.4,0.03,0.0,1.0,2.5,6,48,6,both,0.774638494371692,1.8937144767584924,1.7045011853524061,-0.14643764136195614,209,120,89,0.5741626794258373,0.4258373205741627,0.40669856459330145,-0.010499999999999975,always_long,0.7976304844291755,1.6559624172739404,-0.022991990057483536,0.23775205948455191,325,0.7046903460837887
0.42,0.46,0.5,0.03,0.0,1.0,2.5,6,48,6,both,0.774638494371692,1.8937144767584924,1.7045011853524061,-0.14643764136195614,209,120,89,0.5741626794258373,0.4258373205741627,0.40669856459330145,-0.010499999999999975,always_long,0.7976304844291755,1.6559624172739404,-0.022991990057483536,0.23775205948455191,325,0.7046903460837887
0.42,0.46,0.6,0.03,0.0,1.0,2.5,6,48,6,both,0.774638494371692,1.8937144767584924,1.7045011853524061,-0.14643764136195614,209,120,89,0.5741626794258373,0.4258373205741627,0.40669856459330145,-0.010499999999999975,always_long,0.7976304844291755,1.6559624172739404,-0.022991990057483536,0.23775205948455191,325,0.7046903460837887
0.42,0.46,0.7,0.03,0.0,1.0,2.5,6,48,6,both,0.774638494371692,1.8937144767584924,1.7045011853524061,-0.14643764136195614,209,120,89,0.5741626794258373,0.4258373205741627,0.40669856459330145,-0.010499999999999975,always_long,0.7976304844291755,1.6559624172739404,-0.022991990057483536,0.23775205948455191,325,0.7046903460837887
0.46,0.5,0.4,0.1,0.0,1.0,2.0,6,72,2,both,0.615408691286611,1.890127622399822,1.4338413639223682,-0.10861686642746486,159,80,79,0.5031446540880503,0.4968553459119497,0.44025157232704404,-0.010499999999999962,always_long,1.642626226077132,2.497809118998148,-1.027217534790521,-0.6076814965983259,393,0.8212659380692168
0.46,0.5,0.5,0.1,0.0,1.0,2.0,6,72,2,both,0.615408691286611,1.890127622399822,1.4338413639223682,-0.10861686642746486,159,80,79,0.5031446540880503,0.4968553459119497,0.44025157232704404,-0.010499999999999962,always_long,1.642626226077132,2.497809118998148,-1.027217534790521,-0.6076814965983259,393,0.8212659380692168
0.46,0.5,0.6,0.1,0.0,1.0,2.0,6,72,2,both,0.615408691286611,1.890127622399822,1.4338413639223682,-0.10861686642746486,159,80,79,0.5031446540880503,0.4968553459119497,0.44025157232704404,-0.010499999999999962,always_long,1.642626226077132,2.497809118998148,-1.027217534790521,-0.6076814965983259,393,0.8212659380692168
0.46,0.5,0.7,0.1,0.0,1.0,2.0,6,72,2,both,0.615408691286611,1.890127622399822,1.4338413639223682,-0.10861686642746486,159,80,79,0.5031446540880503,0.4968553459119497,0.44025157232704404,-0.010499999999999962,always_long,1.642626226077132,2.497809118998148,-1.027217534790521,-0.6076814965983259,393,0.8212659380692168
0.5,0.5,0.4,0.1,0.0,1.0,2.5,6,24,2,both,0.5228775626755287,1.8896005529072255,1.3267926212029533,-0.1652874619602127,138,50,88,0.36231884057971014,0.6376811594202898,0.4492753623188406,-0.0013970858737306603,always_long,1.6527629186745663,2.561749466903944,-1.1298853559990376,-0.6721489139967183,455,0.7930327868852459
0.5,0.5,0.5,0.1,0.0,1.0,2.5,6,24,2,both,0.5228775626755287,1.8896005529072255,1.3267926212029533,-0.1652874619602127,138,50,88,0.36231884057971014,0.6376811594202898,0.4492753623188406,-0.0013970858737306603,always_long,1.6527629186745663,2.561749466903944,-1.1298853559990376,-0.6721489139967183,455,0.7930327868852459
0.5,0.5,0.6,0.1,0.0,1.0,2.5,6,24,2,both,0.5228775626755287,1.8896005529072255,1.3267926212029533,-0.1652874619602127,138,50,88,0.36231884057971014,0.6376811594202898,0.4492753623188406,-0.0013970858737306603,always_long,1.6527629186745663,2.561749466903944,-1.1298853559990376,-0.6721489139967183,455,0.7930327868852459
0.5,0.5,0.7,0.1,0.0,1.0,2.5,6,24,2,both,0.5228775626755287,1.8896005529072255,1.3267926212029533,-0.1652874619602127,138,50,88,0.36231884057971014,0.6376811594202898,0.4492753623188406,-0.0013970858737306603,always_long,1.6527629186745663,2.561749466903944,-1.1298853559990376,-0.6721489139967183,455,0.7930327868852459
0.42,0.46,0.4,0.1,0.3,2.0,3.0,6,72,2,both,0.8584095597646846,1.8881848548643583,1.9566831780809186,-0.18134231398549364,154,76,78,0.4935064935064935,0.5064935064935064,0.512987012987013,0.004096382063196928,always_long,1.2620938690816281,2.0111578201167593,-0.40368430931694355,-0.12297296525240098,224,0.898224043715847
0.42,0.46,0.5,0.1,0.3,2.0,3.0,6,72,2,both,0.8584095597646846,1.8881848548643583,1.9566831780809186,-0.18134231398549364,154,76,78,0.4935064935064935,0.5064935064935064,0.512987012987013,0.004096382063196928,always_long,1.2620938690816281,2.0111578201167593,-0.40368430931694355,-0.12297296525240098,224,0.898224043715847
0.42,0.46,0.6,0.1,0.3,2.0,3.0,6,72,2,both,0.8584095597646846,1.8881848548643583,1.9566831780809186,-0.18134231398549364,154,76,78,0.4935064935064935,0.5064935064935064,0.512987012987013,0.004096382063196928,always_long,1.2620938690816281,2.0111578201167593,-0.40368430931694355,-0.12297296525240098,224,0.898224043715847
0.42,0.46,0.7,0.1,0.3,2.0,3.0,6,72,2,both,0.8584095597646846,1.8881848548643583,1.9566831780809186,-0.18134231398549364,154,76,78,0.4935064935064935,0.5064935064935064,0.512987012987013,0.004096382063196928,always_long,1.2620938690816281,2.0111578201167593,-0.40368430931694355,-0.12297296525240098,224,0.898224043715847
0.38,0.5,0.4,0.06,0.0,1.0,2.5,6,72,2,both,0.8766854308221912,1.8849012181085547,1.7817502928949926,-0.22428455096385377,234,185,49,0.7905982905982906,0.2094017094017094,0.39316239316239315,-0.010499999999999964,always_long,1.7039298661160727,2.558975734005453,-0.8272444352938815,-0.6740745158968984,342,0.8444899817850637
0.38,0.5,0.5,0.06,0.0,1.0,2.5,6,72,2,both,0.8766854308221912,1.8849012181085547,1.7817502928949926,-0.22428455096385377,234,185,49,0.7905982905982906,0.2094017094017094,0.39316239316239315,-0.010499999999999964,always_long,1.7039298661160727,2.558975734005453,-0.8272444352938815,-0.6740745158968984,342,0.8444899817850637
0.38,0.5,0.6,0.06,0.0,1.0,2.5,6,72,2,both,0.8766854308221912,1.8849012181085547,1.7817502928949926,-0.22428455096385377,234,185,49,0.7905982905982906,0.2094017094017094,0.39316239316239315,-0.010499999999999964,always_long,1.7039298661160727,2.558975734005453,-0.8272444352938815,-0.6740745158968984,342,0.8444899817850637
0.38,0.5,0.7,0.06,0.0,1.0,2.5,6,72,2,both,0.8766854308221912,1.8849012181085547,1.7817502928949926,-0.22428455096385377,234,185,49,0.7905982905982906,0.2094017094017094,0.39316239316239315,-0.010499999999999964,always_long,1.7039298661160727,2.558975734005453,-0.8272444352938815,-0.6740745158968984,342,0.8444899817850637
0.46,0.5,0.4,0.03,0.0,1.0,2.5,6,72,2,both,0.684691110626805,1.8783149356649114,1.6205923308516978,-0.14415328280702194,157,95,62,0.6050955414012739,0.39490445859872614,0.3885350318471338,-0.010499999999999968,always_long,1.7039298661160727,2.558975734005453,-1.0192387554892677,-0.6806607983405417,342,0.8444899817850637
0.46,0.5,0.5,0.03,0.0,1.0,2.5,6,72,2,both,0.684691110626805,1.8783149356649114,1.6205923308516978,-0.14415328280702194,157,95,62,0.6050955414012739,0.39490445859872614,0.3885350318471338,-0.010499999999999968,always_long,1.7039298661160727,2.558975734005453,-1.0192387554892677,-0.6806607983405417,342,0.8444899817850637
0.46,0.5,0.6,0.03,0.0,1.0,2.5,6,72,2,both,0.684691110626805,1.8783149356649114,1.6205923308516978,-0.14415328280702194,157,95,62,0.6050955414012739,0.39490445859872614,0.3885350318471338,-0.010499999999999968,always_long,1.7039298661160727,2.558975734005453,-1.0192387554892677,-0.6806607983405417,342,0.8444899817850637
0.46,0.5,0.7,0.03,0.0,1.0,2.5,6,72,2,both,0.684691110626805,1.8783149356649114,1.6205923308516978,-0.14415328280702194,157,95,62,0.6050955414012739,0.39490445859872614,0.3885350318471338,-0.010499999999999968,always_long,1.7039298661160727,2.558975734005453,-1.0192387554892677,-0.6806607983405417,342,0.8444899817850637
0.46,0.5,0.4,0.1,0.0,1.0,2.0,6,72,6,both,0.5357883048048644,1.8713679325484944,1.3015880776564537,-0.09186951769516191,137,70,67,0.5109489051094891,0.48905109489051096,0.44525547445255476,-0.010499999999999957,always_long,0.442320101705443,1.0543561390918252,0.09346820309942139,0.8170117934566692,326,0.7037795992714025
0.46,0.5,0.5,0.1,0.0,1.0,2.0,6,72,6,both,0.5357883048048644,1.8713679325484944,1.3015880776564537,-0.09186951769516191,137,70,67,0.5109489051094891,0.48905109489051096,0.44525547445255476,-0.010499999999999957,always_long,0.442320101705443,1.0543561390918252,0.09346820309942139,0.8170117934566692,326,0.7037795992714025
0.46,0.5,0.6,0.1,0.0,1.0,2.0,6,72,6,both,0.5357883048048644,1.8713679325484944,1.3015880776564537,-0.09186951769516191,137,70,67,0.5109489051094891,0.48905109489051096,0.44525547445255476,-0.010499999999999957,always_long,0.442320101705443,1.0543561390918252,0.09346820309942139,0.8170117934566692,326,0.7037795992714025
0.46,0.5,0.7,0.1,0.0,1.0,2.0,6,72,6,both,0.5357883048048644,1.8713679325484944,1.3015880776564537,-0.09186951769516191,137,70,67,0.5109489051094891,0.48905109489051096,0.44525547445255476,-0.010499999999999957,always_long,0.442320101705443,1.0543561390918252,0.09346820309942139,0.8170117934566692,326,0.7037795992714025
0.42,0.5,0.4,0.03,0.0,1.0,3.0,12,48,2,both,0.9468103970983739,1.867091006218159,1.7088207865274536,-0.15618904220546048,196,148,48,0.7551020408163265,0.24489795918367346,0.39285714285714285,-0.01049999999999996,always_long,1.6371140599114953,2.2243635841592257,-0.6903036628131214,-0.3572725779410668,304,0.8617941712204007
0.42,0.5,0.5,0.03,0.0,1.0,3.0,12,48,2,both,0.9468103970983739,1.867091006218159,1.7088207865274536,-0.15618904220546048,196,148,48,0.7551020408163265,0.24489795918367346,0.39285714285714285,-0.01049999999999996,always_long,1.6371140599114953,2.2243635841592257,-0.6903036628131214,-0.3572725779410668,304,0.8617941712204007
0.42,0.5,0.6,0.03,0.0,1.0,3.0,12,48,2,both,0.9468103970983739,1.867091006218159,1.7088207865274536,-0.15618904220546048,196,148,48,0.7551020408163265,0.24489795918367346,0.39285714285714285,-0.01049999999999996,always_long,1.6371140599114953,2.2243635841592257,-0.6903036628131214,-0.3572725779410668,304,0.8617941712204007
0.42,0.5,0.7,0.03,0.0,1.0,3.0,12,48,2,both,0.9468103970983739,1.867091006218159,1.7088207865274536,-0.15618904220546048,196,148,48,0.7551020408163265,0.24489795918367346,0.39285714285714285,-0.01049999999999996,always_long,1.6371140599114953,2.2243635841592257,-0.6903036628131214,-0.3572725779410668,304,0.8617941712204007
0.46,0.5,0.4,0.1,0.0,1.0,2.0,6,24,6,both,0.5160456991745674,1.866205279100406,1.2364263795067834,-0.12237987240030614,155,77,78,0.4967741935483871,0.5032258064516129,0.4645161290322581,-0.0010318650690610647,always_long,0.1164050761194253,0.32505157391893713,0.39964062305514214,1.5411537051814688,395,0.6409380692167578
0.46,0.5,0.5,0.1,0.0,1.0,2.0,6,24,6,both,0.5160456991745674,1.866205279100406,1.2364263795067834,-0.12237987240030614,155,77,78,0.4967741935483871,0.5032258064516129,0.4645161290322581,-0.0010318650690610647,always_long,0.1164050761194253,0.32505157391893713,0.39964062305514214,1.5411537051814688,395,0.6409380692167578
0.46,0.5,0.6,0.1,0.0,1.0,2.0,6,24,6,both,0.5160456991745674,1.866205279100406,1.2364263795067834,-0.12237987240030614,155,77,78,0.4967741935483871,0.5032258064516129,0.4645161290322581,-0.0010318650690610647,always_long,0.1164050761194253,0.32505157391893713,0.39964062305514214,1.5411537051814688,395,0.6409380692167578
0.46,0.5,0.7,0.1,0.0,1.0,2.0,6,24,6,both,0.5160456991745674,1.866205279100406,1.2364263795067834,-0.12237987240030614,155,77,78,0.4967741935483871,0.5032258064516129,0.4645161290322581,-0.0010318650690610647,always_long,0.1164050761194253,0.32505157391893713,0.39964062305514214,1.5411537051814688,395,0.6409380692167578
0.42,0.46,0.4,0.06,0.0,1.0,3.0,12,72,2,both,0.8935019536890527,1.8655417460437052,2.003337932349202,-0.13187356009602444,197,113,84,0.5736040609137056,0.4263959390862944,0.3604060913705584,-0.0105,always_long,1.921437900897509,2.447285469315436,-1.0279359472084564,-0.5817437232717306,276,0.8745446265938069
0.42,0.46,0.5,0.06,0.0,1.0,3.0,12,72,2,both,0.8935019536890527,1.8655417460437052,2.003337932349202,-0.13187356009602444,197,113,84,0.5736040609137056,0.4263959390862944,0.3604060913705584,-0.0105,always_long,1.921437900897509,2.447285469315436,-1.0279359472084564,-0.5817437232717306,276,0.8745446265938069
0.42,0.46,0.6,0.06,0.0,1.0,3.0,12,72,2,both,0.8935019536890527,1.8655417460437052,2.003337932349202,-0.13187356009602444,197,113,84,0.5736040609137056,0.4263959390862944,0.3604060913705584,-0.0105,always_long,1.921437900897509,2.447285469315436,-1.0279359472084564,-0.5817437232717306,276,0.8745446265938069
0.42,0.46,0.7,0.06,0.0,1.0,3.0,12,72,2,both,0.8935019536890527,1.8655417460437052,2.003337932349202,-0.13187356009602444,197,113,84,0.5736040609137056,0.4263959390862944,0.3604060913705584,-0.0105,always_long,1.921437900897509,2.447285469315436,-1.0279359472084564,-0.5817437232717306,276,0.8745446265938069
0.42,0.5,0.4,0.06,0.0,1.0,3.0,12,72,6,both,0.8273083447139018,1.8634709967605032,1.6629969155933437,-0.13512711829490937,156,115,41,0.7371794871794872,0.26282051282051283,0.3974358974358974,-0.01049999999999996,always_long,0.7139414132471702,1.3276473422666897,0.1133669314667316,0.5358236544938135,238,0.7839253187613844
0.42,0.5,0.5,0.06,0.0,1.0,3.0,12,72,6,both,0.8273083447139018,1.8634709967605032,1.6629969155933437,-0.13512711829490937,156,115,41,0.7371794871794872,0.26282051282051283,0.3974358974358974,-0.01049999999999996,always_long,0.7139414132471702,1.3276473422666897,0.1133669314667316,0.5358236544938135,238,0.7839253187613844
0.42,0.5,0.6,0.06,0.0,1.0,3.0,12,72,6,both,0.8273083447139018,1.8634709967605032,1.6629969155933437,-0.13512711829490937,156,115,41,0.7371794871794872,0.26282051282051283,0.3974358974358974,-0.01049999999999996,always_long,0.7139414132471702,1.3276473422666897,0.1133669314667316,0.5358236544938135,238,0.7839253187613844
0.42,0.5,0.7,0.06,0.0,1.0,3.0,12,72,6,both,0.8273083447139018,1.8634709967605032,1.6629969155933437,-0.13512711829490937,156,115,41,0.7371794871794872,0.26282051282051283,0.3974358974358974,-0.01049999999999996,always_long,0.7139414132471702,1.3276473422666897,0.1133669314667316,0.5358236544938135,238,0.7839253187613844
0.46,0.38,0.4,0.1,0.0,1.0,2.5,6,24,2,both,0.7564583089935282,1.8620468170676523,1.8799840170621815,-0.1431475059428139,282,64,218,0.22695035460992907,0.7730496453900709,0.44680851063829785,-0.0015369268801380077,always_long,1.6527629186745663,2.561749466903944,-0.8963046096810381,-0.6997026498362915,455,0.7930327868852459
0.42,0.46,0.4,0.1,0.0,1.0,2.5,12,24,2,both,0.9016369935190895,1.8579446794586298,1.6715989381609135,-0.15842881941941597,235,113,122,0.4808510638297872,0.5191489361702127,0.4851063829787234,-0.001007550979811362,always_long,1.50104233391361,2.1187956926090576,-0.5994053403945205,-0.2608510131504278,398,0.8189890710382514
0.42,0.46,0.5,0.1,0.0,1.0,2.5,12,24,2,both,0.9016369935190895,1.8579446794586298,1.6715989381609135,-0.15842881941941597,235,113,122,0.4808510638297872,0.5191489361702127,0.4851063829787234,-0.001007550979811362,always_long,1.50104233391361,2.1187956926090576,-0.5994053403945205,-0.2608510131504278,398,0.8189890710382514
0.42,0.46,0.6,0.1,0.0,1.0,2.5,12,24,2,both,0.9016369935190895,1.8579446794586298,1.6715989381609135,-0.15842881941941597,235,113,122,0.4808510638297872,0.5191489361702127,0.4851063829787234,-0.001007550979811362,always_long,1.50104233391361,2.1187956926090576,-0.5994053403945205,-0.2608510131504278,398,0.8189890710382514
0.42,0.46,0.7,0.1,0.0,1.0,2.5,12,24,2,both,0.9016369935190895,1.8579446794586298,1.6715989381609135,-0.15842881941941597,235,113,122,0.4808510638297872,0.5191489361702127,0.4851063829787234,-0.001007550979811362,always_long,1.50104233391361,2.1187956926090576,-0.5994053403945205,-0.2608510131504278,398,0.8189890710382514
0.46,0.5,0.4,0.06,0.0,1.0,2.0,6,24,2,both,0.5999517540035102,1.8546447254756075,1.4082296266418421,-0.196864156057547,195,112,83,0.5743589743589743,0.4256410256410256,0.4512820512820513,-0.0016685347403063429,always_long,1.5986184597991508,2.443024495936852,-0.9986667057956407,-0.5883797704612443,488,0.7780054644808743
0.46,0.5,0.5,0.06,0.0,1.0,2.0,6,24,2,both,0.5999517540035102,1.8546447254756075,1.4082296266418421,-0.196864156057547,195,112,83,0.5743589743589743,0.4256410256410256,0.4512820512820513,-0.0016685347403063429,always_long,1.5986184597991508,2.443024495936852,-0.9986667057956407,-0.5883797704612443,488,0.7780054644808743
0.46,0.5,0.6,0.06,0.0,1.0,2.0,6,24,2,both,0.5999517540035102,1.8546447254756075,1.4082296266418421,-0.196864156057547,195,112,83,0.5743589743589743,0.4256410256410256,0.4512820512820513,-0.0016685347403063429,always_long,1.5986184597991508,2.443024495936852,-0.9986667057956407,-0.5883797704612443,488,0.7780054644808743
0.46,0.5,0.7,0.06,0.0,1.0,2.0,6,24,2,both,0.5999517540035102,1.8546447254756075,1.4082296266418421,-0.196864156057547,195,112,83,0.5743589743589743,0.4256410256410256,0.4512820512820513,-0.0016685347403063429,always_long,1.5986184597991508,2.443024495936852,-0.9986667057956407,-0.5883797704612443,488,0.7780054644808743
0.46,0.5,0.4,0.06,0.0,1.0,3.0,12,24,2,both,0.7105410800463223,1.8478207862681617,1.5205335646913876,-0.18776112990898863,168,98,70,0.5833333333333334,0.4166666666666667,0.4523809523809524,-0.0009797539407639122,always_long,1.758354258753796,2.324532277688056,-1.0478131787074736,-0.47671149141989444,390,0.822632058287796
0.46,0.5,0.5,0.06,0.0,1.0,3.0,12,24,2,both,0.7105410800463223,1.8478207862681617,1.5205335646913876,-0.18776112990898863,168,98,70,0.5833333333333334,0.4166666666666667,0.4523809523809524,-0.0009797539407639122,always_long,1.758354258753796,2.324532277688056,-1.0478131787074736,-0.47671149141989444,390,0.822632058287796
0.46,0.5,0.6,0.06,0.0,1.0,3.0,12,24,2,both,0.7105410800463223,1.8478207862681617,1.5205335646913876,-0.18776112990898863,168,98,70,0.5833333333333334,0.4166666666666667,0.4523809523809524,-0.0009797539407639122,always_long,1.758354258753796,2.324532277688056,-1.0478131787074736,-0.47671149141989444,390,0.822632058287796
0.46,0.5,0.7,0.06,0.0,1.0,3.0,12,24,2,both,0.7105410800463223,1.8478207862681617,1.5205335646913876,-0.18776112990898863,168,98,70,0.5833333333333334,0.4166666666666667,0.4523809523809524,-0.0009797539407639122,always_long,1.758354258753796,2.324532277688056,-1.0478131787074736,-0.47671149141989444,390,0.822632058287796
0.42,0.5,0.4,0.1,0.0,2.0,3.0,6,72,6,both,0.7514711391830551,1.84672824530873,1.6584687767468191,-0.14927561055677444,125,85,40,0.68,0.32,0.52,0.0037745981467982984,always_long,0.3479340909779862,0.7913186286236229,0.40353704820506886,1.055409616685107,202,0.816712204007286
0.42,0.5,0.5,0.1,0.0,2.0,3.0,6,72,6,both,0.7514711391830551,1.84672824530873,1.6584687767468191,-0.14927561055677444,125,85,40,0.68,0.32,0.52,0.0037745981467982984,always_long,0.3479340909779862,0.7913186286236229,0.40353704820506886,1.055409616685107,202,0.816712204007286
0.42,0.5,0.6,0.1,0.0,2.0,3.0,6,72,6,both,0.7514711391830551,1.84672824530873,1.6584687767468191,-0.14927561055677444,125,85,40,0.68,0.32,0.52,0.0037745981467982984,always_long,0.3479340909779862,0.7913186286236229,0.40353704820506886,1.055409616685107,202,0.816712204007286
0.42,0.5,0.7,0.1,0.0,2.0,3.0,6,72,6,both,0.7514711391830551,1.84672824530873,1.6584687767468191,-0.14927561055677444,125,85,40,0.68,0.32,0.52,0.0037745981467982984,always_long,0.3479340909779862,0.7913186286236229,0.40353704820506886,1.055409616685107,202,0.816712204007286
0.38,0.5,0.4,0.03,0.0,1.0,2.5,6,24,2,both,0.8471029743202019,1.8431972066543987,1.75652224002442,-0.15589856424971382,304,241,63,0.7927631578947368,0.20723684210526316,0.4605263157894737,-0.0023535570459220743,always_long,1.6527629186745663,2.561749466903944,-0.8056599443543644,-0.7185522602495451,455,0.7930327868852459
0.38,0.5,0.5,0.03,0.0,1.0,2.5,6,24,2,both,0.8471029743202019,1.8431972066543987,1.75652224002442,-0.15589856424971382,304,241,63,0.7927631578947368,0.20723684210526316,0.4605263157894737,-0.0023535570459220743,always_long,1.6527629186745663,2.561749466903944,-0.8056599443543644,-0.7185522602495451,455,0.7930327868852459
0.38,0.5,0.6,0.03,0.0,1.0,2.5,6,24,2,both,0.8471029743202019,1.8431972066543987,1.75652224002442,-0.15589856424971382,304,241,63,0.7927631578947368,0.20723684210526316,0.4605263157894737,-0.0023535570459220743,always_long,1.6527629186745663,2.561749466903944,-0.8056599443543644,-0.7185522602495451,455,0.7930327868852459
0.38,0.5,0.7,0.03,0.0,1.0,2.5,6,24,2,both,0.8471029743202019,1.8431972066543987,1.75652224002442,-0.15589856424971382,304,241,63,0.7927631578947368,0.20723684210526316,0.4605263157894737,-0.0023535570459220743,always_long,1.6527629186745663,2.561749466903944,-0.8056599443543644,-0.7185522602495451,455,0.7930327868852459
0.42,0.5,0.4,0.03,0.0,1.0,2.5,12,48,6,both,0.8472057744696933,1.8411289429783826,1.4915703697155642,-0.1472149657232056,172,131,41,0.7616279069767442,0.23837209302325582,0.436046511627907,-0.010499999999999949,always_long,1.2271026765864201,2.019353900106258,-0.3798969021167269,-0.17822495712787556,285,0.7411202185792349
0.42,0.5,0.5,0.03,0.0,1.0,2.5,12,48,6,both,0.8472057744696933,1.8411289429783826,1.4915703697155642,-0.1472149657232056,172,131,41,0.7616279069767442,0.23837209302325582,0.436046511627907,-0.010499999999999949,always_long,1.2271026765864201,2.019353900106258,-0.3798969021167269,-0.17822495712787556,285,0.7411202185792349
0.42,0.5,0.6,0.03,0.0,1.0,2.5,12,48,6,both,0.8472057744696933,1.8411289429783826,1.4915703697155642,-0.1472149657232056,172,131,41,0.7616279069767442,0.23837209302325582,0.436046511627907,-0.010499999999999949,always_long,1.2271026765864201,2.019353900106258,-0.3798969021167269,-0.17822495712787556,285,0.7411202185792349
0.42,0.5,0.7,0.03,0.0,1.0,2.5,12,48,6,both,0.8472057744696933,1.8411289429783826,1.4915703697155642,-0.1472149657232056,172,131,41,0.7616279069767442,0.23837209302325582,0.436046511627907,-0.010499999999999949,always_long,1.2271026765864201,2.019353900106258,-0.3798969021167269,-0.17822495712787556,285,0.7411202185792349
0.38,0.46,0.4,0.06,0.0,2.0,2.5,6,72,2,both,0.9304710623902162,1.8355126214879829,1.9337367337324802,-0.16193863112033074,191,128,63,0.6701570680628273,0.3298429319371728,0.5235602094240838,0.0031226435995022977,always_long,0.9971647180369625,1.734733857349525,-0.06669365564674634,0.10077876413845788,241,0.8904826958105647
0.38,0.46,0.5,0.06,0.0,2.0,2.5,6,72,2,both,0.9304710623902162,1.8355126214879829,1.9337367337324802,-0.16193863112033074,191,128,63,0.6701570680628273,0.3298429319371728,0.5235602094240838,0.0031226435995022977,always_long,0.9971647180369625,1.734733857349525,-0.06669365564674634,0.10077876413845788,241,0.8904826958105647
0.38,0.46,0.6,0.06,0.0,2.0,2.5,6,72,2,both,0.9304710623902162,1.8355126214879829,1.9337367337324802,-0.16193863112033074,191,128,63,0.6701570680628273,0.3298429319371728,0.5235602094240838,0.0031226435995022977,always_long,0.9971647180369625,1.734733857349525,-0.06669365564674634,0.10077876413845788,241,0.8904826958105647
0.38,0.46,0.7,0.06,0.0,2.0,2.5,6,72,2,both,0.9304710623902162,1.8355126214879829,1.9337367337324802,-0.16193863112033074,191,128,63,0.6701570680628273,0.3298429319371728,0.5235602094240838,0.0031226435995022977,always_long,0.9971647180369625,1.734733857349525,-0.06669365564674634,0.10077876413845788,241,0.8904826958105647
0.46,0.5,0.4,0.1,0.0,1.0,2.5,6,24,6,both,0.5347409450209868,1.8340971624301436,1.2784208578899159,-0.11558845151786411,153,76,77,0.49673202614379086,0.5032679738562091,0.4444444444444444,-0.0015072977109543365,always_long,0.41182157791349994,0.9846420281207665,0.12291936710748685,0.8494551343093771,387,0.648224043715847
0.46,0.5,0.5,0.1,0.0,1.0,2.5,6,24,6,both,0.5347409450209868,1.8340971624301436,1.2784208578899159,-0.11558845151786411,153,76,77,0.49673202614379086,0.5032679738562091,0.4444444444444444,-0.0015072977109543365,always_long,0.41182157791349994,0.9846420281207665,0.12291936710748685,0.8494551343093771,387,0.648224043715847
0.46,0.5,0.6,0.1,0.0,1.0,2.5,6,24,6,both,0.5347409450209868,1.8340971624301436,1.2784208578899159,-0.11558845151786411,153,76,77,0.49673202614379086,0.5032679738562091,0.4444444444444444,-0.0015072977109543365,always_long,0.41182157791349994,0.9846420281207665,0.12291936710748685,0.8494551343093771,387,0.648224043715847
0.46,0.5,0.7,0.1,0.0,1.0,2.5,6,24,6,both,0.5347409450209868,1.8340971624301436,1.2784208578899159,-0.11558845151786411,153,76,77,0.49673202614379086,0.5032679738562091,0.4444444444444444,-0.0015072977109543365,always_long,0.41182157791349994,0.9846420281207665,0.12291936710748685,0.8494551343093771,387,0.648224043715847
0.46,0.38,0.5,0.1,0.0,1.0,2.5,6,24,2,both,0.7455804392041894,1.8329085411472739,1.8601509501179216,-0.14314750594281678,284,63,221,0.22183098591549297,0.778169014084507,0.4471830985915493,-0.0014119886024857474,always_long,1.6527629186745663,2.561749466903944,-0.9071824794703769,-0.7288409257566699,455,0.7930327868852459
0.46,0.38,0.6,0.1,0.0,1.0,2.5,6,24,2,both,0.7455804392041894,1.8329085411472739,1.8601509501179216,-0.14314750594281678,284,63,221,0.22183098591549297,0.778169014084507,0.4471830985915493,-0.0014119886024857474,always_long,1.6527629186745663,2.561749466903944,-0.9071824794703769,-0.7288409257566699,455,0.7930327868852459
0.46,0.38,0.7,0.1,0.0,1.0,2.5,6,24,2,both,0.7455804392041894,1.8329085411472739,1.8601509501179216,-0.14314750594281678,284,63,221,0.22183098591549297,0.778169014084507,0.4471830985915493,-0.0014119886024857474,always_long,1.6527629186745663,2.561749466903944,-0.9071824794703769,-0.7288409257566699,455,0.7930327868852459
0.42,0.5,0.4,0.03,0.0,1.0,3.0,12,72,2,both,0.9222850595550334,1.8270358916866931,1.701497629331179,-0.16639238463257944,186,141,45,0.7580645161290323,0.24193548387096775,0.3602150537634409,-0.01049999999999998,always_long,1.921437900897509,2.447285469315436,-0.9991528413424757,-0.6202495776287427,276,0.8745446265938069
0.42,0.5,0.5,0.03,0.0,1.0,3.0,12,72,2,both,0.9222850595550334,1.8270358916866931,1.701497629331179,-0.16639238463257944,186,141,45,0.7580645161290323,0.24193548387096775,0.3602150537634409,-0.01049999999999998,always_long,1.921437900897509,2.447285469315436,-0.9991528413424757,-0.6202495776287427,276,0.8745446265938069
0.42,0.5,0.6,0.03,0.0,1.0,3.0,12,72,2,both,0.9222850595550334,1.8270358916866931,1.701497629331179,-0.16639238463257944,186,141,45,0.7580645161290323,0.24193548387096775,0.3602150537634409,-0.01049999999999998,always_long,1.921437900897509,2.447285469315436,-0.9991528413424757,-0.6202495776287427,276,0.8745446265938069
0.42,0.5,0.7,0.03,0.0,1.0,3.0,12,72,2,both,0.9222850595550334,1.8270358916866931,1.701497629331179,-0.16639238463257944,186,141,45,0.7580645161290323,0.24193548387096775,0.3602150537634409,-0.01049999999999998,always_long,1.921437900897509,2.447285469315436,-0.9991528413424757,-0.6202495776287427,276,0.8745446265938069
0.42,0.46,0.4,0.03,0.3,1.0,3.0,12,48,2,both,0.9073139856406685,1.8269103550789272,1.863622915352136,-0.11536249493308708,212,125,87,0.589622641509434,0.41037735849056606,0.3915094339622642,-0.007521063189568693,always_long,1.0977802171562305,1.7304882407587818,-0.19046623151556208,0.09642211432014536,304,0.8617941712204007
0.42,0.46,0.5,0.03,0.3,1.0,3.0,12,48,2,both,0.9073139856406685,1.8269103550789272,1.863622915352136,-0.11536249493308708,212,125,87,0.589622641509434,0.41037735849056606,0.3915094339622642,-0.007521063189568693,always_long,1.0977802171562305,1.7304882407587818,-0.19046623151556208,0.09642211432014536,304,0.8617941712204007
0.42,0.46,0.6,0.03,0.3,1.0,3.0,12,48,2,both,0.9073139856406685,1.8269103550789272,1.863622915352136,-0.11536249493308708,212,125,87,0.589622641509434,0.41037735849056606,0.3915094339622642,-0.007521063189568693,always_long,1.0977802171562305,1.7304882407587818,-0.19046623151556208,0.09642211432014536,304,0.8617941712204007
0.42,0.46,0.7,0.03,0.3,1.0,3.0,12,48,2,both,0.9073139856406685,1.8269103550789272,1.863622915352136,-0.11536249493308708,212,125,87,0.589622641509434,0.41037735849056606,0.3915094339622642,-0.007521063189568693,always_long,1.0977802171562305,1.7304882407587818,-0.19046623151556208,0.09642211432014536,304,0.8617941712204007
0.38,0.42,0.4,0.03,0.0,1.5,2.5,12,48,2,both,1.031763282498377,1.8203459342731054,2.005309916786009,-0.1460369948277067,235,127,108,0.5404255319148936,0.4595744680851064,0.5106382978723404,0.0009120605314078772,always_long,0.7577418698625076,1.3054499578701728,0.2740214126358693,0.5148959764029326,292,0.8672586520947176
